{"type": "FeatureCollection", "name": "prix_immobilier_communes_dvf", "features": [{"type": "Feature", "geometry": {"type": "Point", "coordinates": [2.0241, 46.0917]}, "properties": {"code_insee": "23001", "nom": "Ahun", "departement": "Creuse", "prix_m2_median": 1010, "prix_m2_median_maison": 1000, "prix_m2_median_appartement": null, "nb_ventes": 22, "evolution_prix_pct": null, "part_passoires_dpe_pct": null, "fiabilite": "indicative", "url": "https://vendsmonbien.com/prix-immobilier/23-creuse/ahun/"}}, {"type": "Feature", "geometry": {"type": "Point", "coordinates": [2.1701, 45.9472]}, "properties": {"code_insee": "23008", "nom": "Aubusson", "departement": "Creuse", "prix_m2_median": 1090, "prix_m2_median_maison": 1040, "prix_m2_median_appartement": 1150, "nb_ventes": 76, "evolution_prix_pct": 0.0, "part_passoires_dpe_pct": 25.5, "fiabilite": "bonne", "url": "https://vendsmonbien.com/prix-immobilier/23-creuse/aubusson/"}}, {"type": "Feature", "geometry": {"type": "Point", "coordinates": [1.4677, 46.3584]}, "properties": {"code_insee": "23015", "nom": "Azerables", "departement": "Creuse", "prix_m2_median": 1100, "prix_m2_median_maison": 1100, "prix_m2_median_appartement": null, "nb_ventes": 22, "evolution_prix_pct": null, "part_passoires_dpe_pct": null, "fiabilite": "indicative", "url": "https://vendsmonbien.com/prix-immobilier/23-creuse/azerables/"}}, {"type": "Feature", "geometry": {"type": "Point", "coordinates": [1.6351, 46.1209]}, "properties": {"code_insee": "23021", "nom": "Bénévent-l'Abbaye", "departement": "Creuse", "prix_m2_median": 990, "prix_m2_median_maison": 970, "prix_m2_median_appartement": null, "nb_ventes": 19, "evolution_prix_pct": null, "part_passoires_dpe_pct": null, "fiabilite": "indicative", "url": "https://vendsmonbien.com/prix-immobilier/23-creuse/benevent-labbaye/"}}, {"type": "Feature", "geometry": {"type": "Point", "coordinates": [2.0653, 46.3637]}, "properties": {"code_insee": "23022", "nom": "Bétête", "departement": "Creuse", "prix_m2_median": 1110, "prix_m2_median_maison": 1110, "prix_m2_median_appartement": null, "nb_ventes": 15, "evolution_prix_pct": null, "part_passoires_dpe_pct": null, "fiabilite": "indicative", "url": "https://vendsmonbien.com/prix-immobilier/23-creuse/betete/"}}, {"type": "Feature", "geometry": {"type": "Point", "coordinates": [1.9105, 46.3225]}, "properties": {"code_insee": "23025", "nom": "Bonnat", "departement": "Creuse", "prix_m2_median": 1080, "prix_m2_median_maison": 1100, "prix_m2_median_appartement": null, "nb_ventes": 27, "evolution_prix_pct": null, "part_passoires_dpe_pct": null, "fiabilite": "indicative", "url": "https://vendsmonbien.com/prix-immobilier/23-creuse/bonnat/"}}, {"type": "Feature", "geometry": {"type": "Point", "coordinates": [2.2854, 46.2481]}, "properties": {"code_insee": "23026", "nom": "Bord-Saint-Georges", "departement": "Creuse", "prix_m2_median": 1170, "prix_m2_median_maison": 1170, "prix_m2_median_appartement": null, "nb_ventes": 15, "evolution_prix_pct": null, "part_passoires_dpe_pct": null, "fiabilite": "indicative", "url": "https://vendsmonbien.com/prix-immobilier/23-creuse/bord-saint-georges/"}}, {"type": "Feature", "geometry": {"type": "Point", "coordinates": [1.7466, 45.9472]}, "properties": {"code_insee": "23030", "nom": "Bourganeuf", "departement": "Creuse", "prix_m2_median": 1130, "prix_m2_median_maison": 1130, "prix_m2_median_appartement": null, "nb_ventes": 28, "evolution_prix_pct": null, "part_passoires_dpe_pct": null, "fiabilite": "indicative", "url": "https://vendsmonbien.com/prix-immobilier/23-creuse/bourganeuf/"}}, {"type": "Feature", "geometry": {"type": "Point", "coordinates": [2.2216, 46.3482]}, "properties": {"code_insee": "23031", "nom": "Boussac", "departement": "Creuse", "prix_m2_median": 1100, "prix_m2_median_maison": 1100, "prix_m2_median_appartement": null, "nb_ventes": 27, "evolution_prix_pct": null, "part_passoires_dpe_pct": null, "fiabilite": "indicative", "url": "https://vendsmonbien.com/prix-immobilier/23-creuse/boussac/"}}, {"type": "Feature", "geometry": {"type": "Point", "coordinates": [1.7579, 46.2561]}, "properties": {"code_insee": "23036", "nom": "Bussière-Dunoise", "departement": "Creuse", "prix_m2_median": 1160, "prix_m2_median_maison": 1160, "prix_m2_median_appartement": null, "nb_ventes": 22, "evolution_prix_pct": null, "part_passoires_dpe_pct": null, "fiabilite": "indicative", "url": "https://vendsmonbien.com/prix-immobilier/23-creuse/bussiere-dunoise/"}}, {"type": "Feature", "geometry": {"type": "Point", "coordinates": [1.6264, 46.0095]}, "properties": {"code_insee": "23056", "nom": "Châtelus-le-Marcheix", "departement": "Creuse", "prix_m2_median": 1170, "prix_m2_median_maison": 1170, "prix_m2_median_appartement": null, "nb_ventes": 18, "evolution_prix_pct": null, "part_passoires_dpe_pct": null, "fiabilite": "indicative", "url": "https://vendsmonbien.com/prix-immobilier/23-creuse/chatelus-le-marcheix/"}}, {"type": "Feature", "geometry": {"type": "Point", "coordinates": [2.1734, 46.1106]}, "properties": {"code_insee": "23061", "nom": "Chénérailles", "departement": "Creuse", "prix_m2_median": 1080, "prix_m2_median_maison": 1080, "prix_m2_median_appartement": null, "nb_ventes": 15, "evolution_prix_pct": null, "part_passoires_dpe_pct": null, "fiabilite": "indicative", "url": "https://vendsmonbien.com/prix-immobilier/23-creuse/chenerailles/"}}, {"type": "Feature", "geometry": {"type": "Point", "coordinates": [1.8222, 46.3528]}, "properties": {"code_insee": "23062", "nom": "Chéniers", "departement": "Creuse", "prix_m2_median": 1130, "prix_m2_median_maison": 1130, "prix_m2_median_appartement": null, "nb_ventes": 17, "evolution_prix_pct": null, "part_passoires_dpe_pct": null, "fiabilite": "indicative", "url": "https://vendsmonbien.com/prix-immobilier/23-creuse/cheniers/"}}, {"type": "Feature", "geometry": {"type": "Point", "coordinates": [2.1257, 46.2941]}, "properties": {"code_insee": "23064", "nom": "Clugnat", "departement": "Creuse", "prix_m2_median": 1390, "prix_m2_median_maison": 1390, "prix_m2_median_appartement": null, "nb_ventes": 19, "evolution_prix_pct": null, "part_passoires_dpe_pct": null, "fiabilite": "indicative", "url": "https://vendsmonbien.com/prix-immobilier/23-creuse/clugnat/"}}, {"type": "Feature", "geometry": {"type": "Point", "coordinates": [1.6609, 46.3048]}, "properties": {"code_insee": "23075", "nom": "Dun-le-Palestel", "departement": "Creuse", "prix_m2_median": 1220, "prix_m2_median_maison": 1220, "prix_m2_median_appartement": null, "nb_ventes": 21, "evolution_prix_pct": null, "part_passoires_dpe_pct": null, "fiabilite": "indicative", "url": "https://vendsmonbien.com/prix-immobilier/23-creuse/dun-le-palestel/"}}, {"type": "Feature", "geometry": {"type": "Point", "coordinates": [2.4964, 46.1779]}, "properties": {"code_insee": "23076", "nom": "Évaux-les-Bains", "departement": "Creuse", "prix_m2_median": 1090, "prix_m2_median_maison": 1070, "prix_m2_median_appartement": null, "nb_ventes": 34, "evolution_prix_pct": null, "part_passoires_dpe_pct": 32.0, "fiabilite": "bonne", "url": "https://vendsmonbien.com/prix-immobilier/23-creuse/evaux-les-bains/"}}, {"type": "Feature", "geometry": {"type": "Point", "coordinates": [2.187, 45.8942]}, "properties": {"code_insee": "23079", "nom": "Felletin", "departement": "Creuse", "prix_m2_median": 1130, "prix_m2_median_maison": 1140, "prix_m2_median_appartement": null, "nb_ventes": 37, "evolution_prix_pct": null, "part_passoires_dpe_pct": 24.1, "fiabilite": "bonne", "url": "https://vendsmonbien.com/prix-immobilier/23-creuse/felletin/"}}, {"type": "Feature", "geometry": {"type": "Point", "coordinates": [1.7045, 46.3799]}, "properties": {"code_insee": "23087", "nom": "Fresselines", "departement": "Creuse", "prix_m2_median": 1170, "prix_m2_median_maison": 1170, "prix_m2_median_appartement": null, "nb_ventes": 21, "evolution_prix_pct": null, "part_passoires_dpe_pct": null, "fiabilite": "indicative", "url": "https://vendsmonbien.com/prix-immobilier/23-creuse/fresselines/"}}, {"type": "Feature", "geometry": {"type": "Point", "coordinates": [1.5176, 46.1433]}, "properties": {"code_insee": "23192", "nom": "Fursac", "departement": "Creuse", "prix_m2_median": 1290, "prix_m2_median_maison": 1290, "prix_m2_median_appartement": null, "nb_ventes": 32, "evolution_prix_pct": null, "part_passoires_dpe_pct": 37.5, "fiabilite": "bonne", "url": "https://vendsmonbien.com/prix-immobilier/23-creuse/fursac/"}}, {"type": "Feature", "geometry": {"type": "Point", "coordinates": [1.9959, 46.346]}, "properties": {"code_insee": "23089", "nom": "Genouillac", "departement": "Creuse", "prix_m2_median": 1420, "prix_m2_median_maison": 1430, "prix_m2_median_appartement": null, "nb_ventes": 17, "evolution_prix_pct": null, "part_passoires_dpe_pct": null, "fiabilite": "indicative", "url": "https://vendsmonbien.com/prix-immobilier/23-creuse/genouillac/"}}, {"type": "Feature", "geometry": {"type": "Point", "coordinates": [2.2193, 46.1901]}, "properties": {"code_insee": "23093", "nom": "Gouzon", "departement": "Creuse", "prix_m2_median": 1100, "prix_m2_median_maison": 1090, "prix_m2_median_appartement": null, "nb_ventes": 24, "evolution_prix_pct": null, "part_passoires_dpe_pct": null, "fiabilite": "indicative", "url": "https://vendsmonbien.com/prix-immobilier/23-creuse/gouzon/"}}, {"type": "Feature", "geometry": {"type": "Point", "coordinates": [1.8705, 46.1585]}, "properties": {"code_insee": "23096", "nom": "Guéret", "departement": "Creuse", "prix_m2_median": 1200, "prix_m2_median_maison": 1250, "prix_m2_median_appartement": 1120, "nb_ventes": 327, "evolution_prix_pct": 0.0, "part_passoires_dpe_pct": 17.3, "fiabilite": "élevée", "url": "https://vendsmonbien.com/prix-immobilier/23-creuse/gueret/"}}, {"type": "Feature", "geometry": {"type": "Point", "coordinates": [1.7738, 46.3114]}, "properties": {"code_insee": "23039", "nom": "La Celle-Dunoise", "departement": "Creuse", "prix_m2_median": 1120, "prix_m2_median_maison": 1120, "prix_m2_median_appartement": null, "nb_ventes": 18, "evolution_prix_pct": null, "part_passoires_dpe_pct": null, "fiabilite": "indicative", "url": "https://vendsmonbien.com/prix-immobilier/23-creuse/la-celle-dunoise/"}}, {"type": "Feature", "geometry": {"type": "Point", "coordinates": [1.4743, 46.2308]}, "properties": {"code_insee": "23176", "nom": "La Souterraine", "departement": "Creuse", "prix_m2_median": 1320, "prix_m2_median_maison": 1320, "prix_m2_median_appartement": 1270, "nb_ventes": 130, "evolution_prix_pct": -2.3, "part_passoires_dpe_pct": 10.7, "fiabilite": "élevée", "url": "https://vendsmonbien.com/prix-immobilier/23-creuse/la-souterraine/"}}, {"type": "Feature", "geometry": {"type": "Point", "coordinates": [1.6488, 46.1626]}, "properties": {"code_insee": "23095", "nom": "Le Grand-Bourg", "departement": "Creuse", "prix_m2_median": 1500, "prix_m2_median_maison": 1500, "prix_m2_median_appartement": null, "nb_ventes": 26, "evolution_prix_pct": null, "part_passoires_dpe_pct": null, "fiabilite": "indicative", "url": "https://vendsmonbien.com/prix-immobilier/23-creuse/le-grand-bourg/"}}, {"type": "Feature", "geometry": {"type": "Point", "coordinates": [1.8234, 46.3928]}, "properties": {"code_insee": "23112", "nom": "Lourdoueix-Saint-Pierre", "departement": "Creuse", "prix_m2_median": 1330, "prix_m2_median_maison": 1330, "prix_m2_median_appartement": null, "nb_ventes": 22, "evolution_prix_pct": null, "part_passoires_dpe_pct": null, "fiabilite": "indicative", "url": "https://vendsmonbien.com/prix-immobilier/23-creuse/lourdoueix-saint-pierre/"}}, {"type": "Feature", "geometry": {"type": "Point", "coordinates": [1.5849, 46.0996]}, "properties": {"code_insee": "23124", "nom": "Marsac", "departement": "Creuse", "prix_m2_median": 1210, "prix_m2_median_maison": 1210, "prix_m2_median_appartement": null, "nb_ventes": 16, "evolution_prix_pct": null, "part_passoires_dpe_pct": null, "fiabilite": "indicative", "url": "https://vendsmonbien.com/prix-immobilier/23-creuse/marsac/"}}, {"type": "Feature", "geometry": {"type": "Point", "coordinates": [1.9494, 46.3857]}, "properties": {"code_insee": "23139", "nom": "Moutier-Malcard", "departement": "Creuse", "prix_m2_median": 1240, "prix_m2_median_maison": 1240, "prix_m2_median_appartement": null, "nb_ventes": 20, "evolution_prix_pct": null, "part_passoires_dpe_pct": null, "fiabilite": "indicative", "url": "https://vendsmonbien.com/prix-immobilier/23-creuse/moutier-malcard/"}}, {"type": "Feature", "geometry": {"type": "Point", "coordinates": [1.9006, 45.8275]}, "properties": {"code_insee": "23165", "nom": "Royère-de-Vassivière", "departement": "Creuse", "prix_m2_median": 1380, "prix_m2_median_maison": 1470, "prix_m2_median_appartement": null, "nb_ventes": 30, "evolution_prix_pct": null, "part_passoires_dpe_pct": 49.2, "fiabilite": "bonne", "url": "https://vendsmonbien.com/prix-immobilier/23-creuse/royere-de-vassiviere/"}}, {"type": "Feature", "geometry": {"type": "Point", "coordinates": [1.5028, 46.2853]}, "properties": {"code_insee": "23177", "nom": "Saint-Agnant-de-Versillat", "departement": "Creuse", "prix_m2_median": 1240, "prix_m2_median_maison": 1230, "prix_m2_median_appartement": null, "nb_ventes": 18, "evolution_prix_pct": null, "part_passoires_dpe_pct": null, "fiabilite": "indicative", "url": "https://vendsmonbien.com/prix-immobilier/23-creuse/saint-agnant-de-versillat/"}}, {"type": "Feature", "geometry": {"type": "Point", "coordinates": [1.7149, 46.0049]}, "properties": {"code_insee": "23189", "nom": "Saint-Dizier-Masbaraud", "departement": "Creuse", "prix_m2_median": 1060, "prix_m2_median_maison": 1060, "prix_m2_median_appartement": null, "nb_ventes": 23, "evolution_prix_pct": null, "part_passoires_dpe_pct": null, "fiabilite": "indicative", "url": "https://vendsmonbien.com/prix-immobilier/23-creuse/saint-dizier-masbaraud/"}}, {"type": "Feature", "geometry": {"type": "Point", "coordinates": [1.91, 46.1594]}, "properties": {"code_insee": "23193", "nom": "Sainte-Feyre", "departement": "Creuse", "prix_m2_median": 1430, "prix_m2_median_maison": 1420, "prix_m2_median_appartement": null, "nb_ventes": 54, "evolution_prix_pct": 1.5, "part_passoires_dpe_pct": 28.8, "fiabilite": "bonne", "url": "https://vendsmonbien.com/prix-immobilier/23-creuse/sainte-feyre/"}}, {"type": "Feature", "geometry": {"type": "Point", "coordinates": [1.4234, 46.2105]}, "properties": {"code_insee": "23219", "nom": "Saint-Maurice-la-Souterraine", "departement": "Creuse", "prix_m2_median": 1210, "prix_m2_median_maison": 1210, "prix_m2_median_appartement": null, "nb_ventes": 18, "evolution_prix_pct": null, "part_passoires_dpe_pct": null, "fiabilite": "indicative", "url": "https://vendsmonbien.com/prix-immobilier/23-creuse/saint-maurice-la-souterraine/"}}, {"type": "Feature", "geometry": {"type": "Point", "coordinates": [1.5332, 46.3957]}, "properties": {"code_insee": "23239", "nom": "Saint-Sébastien", "departement": "Creuse", "prix_m2_median": 1080, "prix_m2_median_maison": 1080, "prix_m2_median_appartement": null, "nb_ventes": 18, "evolution_prix_pct": null, "part_passoires_dpe_pct": null, "fiabilite": "indicative", "url": "https://vendsmonbien.com/prix-immobilier/23-creuse/saint-sebastien/"}}, {"type": "Feature", "geometry": {"type": "Point", "coordinates": [1.7241, 46.3019]}, "properties": {"code_insee": "23244", "nom": "Saint-Sulpice-le-Dunois", "departement": "Creuse", "prix_m2_median": 1140, "prix_m2_median_maison": 1140, "prix_m2_median_appartement": null, "nb_ventes": 18, "evolution_prix_pct": null, "part_passoires_dpe_pct": null, "fiabilite": "indicative", "url": "https://vendsmonbien.com/prix-immobilier/23-creuse/saint-sulpice-le-dunois/"}}, {"type": "Feature", "geometry": {"type": "Point", "coordinates": [1.7422, 46.1962]}, "properties": {"code_insee": "23247", "nom": "Saint-Vaury", "departement": "Creuse", "prix_m2_median": 1150, "prix_m2_median_maison": 1150, "prix_m2_median_appartement": null, "nb_ventes": 30, "evolution_prix_pct": null, "part_passoires_dpe_pct": 23.4, "fiabilite": "bonne", "url": "https://vendsmonbien.com/prix-immobilier/23-creuse/saint-vaury/"}}, {"type": "Feature", "geometry": {"type": "Point", "coordinates": [1.8568, 46.0503]}, "properties": {"code_insee": "23168", "nom": "Sardent", "departement": "Creuse", "prix_m2_median": 1240, "prix_m2_median_maison": 1240, "prix_m2_median_appartement": null, "nb_ventes": 16, "evolution_prix_pct": null, "part_passoires_dpe_pct": null, "fiabilite": "indicative", "url": "https://vendsmonbien.com/prix-immobilier/23-creuse/sardent/"}}, {"type": "Feature", "geometry": {"type": "Point", "coordinates": [2.0389, 45.909]}, "properties": {"code_insee": "23257", "nom": "Vallière", "departement": "Creuse", "prix_m2_median": 930, "prix_m2_median_maison": 930, "prix_m2_median_appartement": null, "nb_ventes": 21, "evolution_prix_pct": null, "part_passoires_dpe_pct": null, "fiabilite": "indicative", "url": "https://vendsmonbien.com/prix-immobilier/23-creuse/valliere/"}}, {"type": "Feature", "geometry": {"type": "Point", "coordinates": [-0.1281, 45.0123]}, "properties": {"code_insee": "33001", "nom": "Abzac", "departement": "Gironde", "prix_m2_median": 1700, "prix_m2_median_maison": 1700, "prix_m2_median_appartement": null, "nb_ventes": 43, "evolution_prix_pct": -30.1, "part_passoires_dpe_pct": 8.7, "fiabilite": "bonne", "url": "https://vendsmonbien.com/prix-immobilier/33-gironde/abzac/"}}, {"type": "Feature", "geometry": {"type": "Point", "coordinates": [-0.5, 44.9517]}, "properties": {"code_insee": "33003", "nom": "Ambarès-et-Lagrave", "departement": "Gironde", "prix_m2_median": 2760, "prix_m2_median_maison": 2760, "prix_m2_median_appartement": 2720, "nb_ventes": 380, "evolution_prix_pct": -6.6, "part_passoires_dpe_pct": 2.7, "fiabilite": "élevée", "url": "https://vendsmonbien.com/prix-immobilier/33-gironde/ambares-et-lagrave/"}}, {"type": "Feature", "geometry": {"type": "Point", "coordinates": [-0.5486, 45.0123]}, "properties": {"code_insee": "33004", "nom": "Ambès", "departement": "Gironde", "prix_m2_median": 1900, "prix_m2_median_maison": 2130, "prix_m2_median_appartement": 1860, "nb_ventes": 115, "evolution_prix_pct": 12.8, "part_passoires_dpe_pct": 3.0, "fiabilite": "élevée", "url": "https://vendsmonbien.com/prix-immobilier/33-gironde/ambes/"}}, {"type": "Feature", "geometry": {"type": "Point", "coordinates": [-1.082, 44.7529]}, "properties": {"code_insee": "33005", "nom": "Andernos-les-Bains", "departement": "Gironde", "prix_m2_median": 5260, "prix_m2_median_maison": 5120, "prix_m2_median_appartement": 5530, "nb_ventes": 681, "evolution_prix_pct": -20.0, "part_passoires_dpe_pct": 7.2, "fiabilite": "élevée", "url": "https://vendsmonbien.com/prix-immobilier/33-gironde/andernos-les-bains/"}}, {"type": "Feature", "geometry": {"type": "Point", "coordinates": [-0.6414, 45.2123]}, "properties": {"code_insee": "33006", "nom": "Anglade", "departement": "Gironde", "prix_m2_median": 1390, "prix_m2_median_maison": 1390, "prix_m2_median_appartement": null, "nb_ventes": 20, "evolution_prix_pct": null, "part_passoires_dpe_pct": null, "fiabilite": "indicative", "url": "https://vendsmonbien.com/prix-immobilier/33-gironde/anglade/"}}, {"type": "Feature", "geometry": {"type": "Point", "coordinates": [-0.4025, 44.6679]}, "properties": {"code_insee": "33007", "nom": "Arbanats", "departement": "Gironde", "prix_m2_median": 2850, "prix_m2_median_maison": 2850, "prix_m2_median_appartement": null, "nb_ventes": 28, "evolution_prix_pct": null, "part_passoires_dpe_pct": null, "fiabilite": "indicative", "url": "https://vendsmonbien.com/prix-immobilier/33-gironde/arbanats/"}}, {"type": "Feature", "geometry": {"type": "Point", "coordinates": [-1.1718, 44.6515]}, "properties": {"code_insee": "33009", "nom": "Arcachon", "departement": "Gironde", "prix_m2_median": 7940, "prix_m2_median_maison": 8340, "prix_m2_median_appartement": 7900, "nb_ventes": 1256, "evolution_prix_pct": -7.6, "part_passoires_dpe_pct": 9.7, "fiabilite": "élevée", "url": "https://vendsmonbien.com/prix-immobilier/33-gironde/arcachon/"}}, {"type": "Feature", "geometry": {"type": "Point", "coordinates": [-0.7071, 45.0762]}, "properties": {"code_insee": "33010", "nom": "Arcins", "departement": "Gironde", "prix_m2_median": 2740, "prix_m2_median_maison": 2740, "prix_m2_median_appartement": null, "nb_ventes": 20, "evolution_prix_pct": null, "part_passoires_dpe_pct": null, "fiabilite": "indicative", "url": "https://vendsmonbien.com/prix-immobilier/33-gironde/arcins/"}}, {"type": "Feature", "geometry": {"type": "Point", "coordinates": [-1.0837, 44.7997]}, "properties": {"code_insee": "33011", "nom": "Arès", "departement": "Gironde", "prix_m2_median": 4910, "prix_m2_median_maison": 4940, "prix_m2_median_appartement": 4810, "nb_ventes": 350, "evolution_prix_pct": -16.0, "part_passoires_dpe_pct": 8.1, "fiabilite": "élevée", "url": "https://vendsmonbien.com/prix-immobilier/33-gironde/ares/"}}, {"type": "Feature", "geometry": {"type": "Point", "coordinates": [-0.7018, 44.9869]}, "properties": {"code_insee": "33012", "nom": "Arsac", "departement": "Gironde", "prix_m2_median": 3120, "prix_m2_median_maison": 3170, "prix_m2_median_appartement": 2520, "nb_ventes": 90, "evolution_prix_pct": -16.2, "part_passoires_dpe_pct": 3.2, "fiabilite": "bonne", "url": "https://vendsmonbien.com/prix-immobilier/33-gironde/arsac/"}}, {"type": "Feature", "geometry": {"type": "Point", "coordinates": [-0.4878, 44.8592]}, "properties": {"code_insee": "33013", "nom": "Artigues-près-Bordeaux", "departement": "Gironde", "prix_m2_median": 3110, "prix_m2_median_maison": 3160, "prix_m2_median_appartement": 3040, "nb_ventes": 238, "evolution_prix_pct": -2.8, "part_passoires_dpe_pct": 0.9, "fiabilite": "élevée", "url": "https://vendsmonbien.com/prix-immobilier/33-gironde/artigues-pres-bordeaux/"}}, {"type": "Feature", "geometry": {"type": "Point", "coordinates": [-0.2798, 44.89]}, "properties": {"code_insee": "33015", "nom": "Arveyres", "departement": "Gironde", "prix_m2_median": 2660, "prix_m2_median_maison": 2660, "prix_m2_median_appartement": null, "nb_ventes": 41, "evolution_prix_pct": 14.8, "part_passoires_dpe_pct": 8.1, "fiabilite": "bonne", "url": "https://vendsmonbien.com/prix-immobilier/33-gironde/arveyres/"}}, {"type": "Feature", "geometry": {"type": "Point", "coordinates": [-0.9533, 44.7133]}, "properties": {"code_insee": "33019", "nom": "Audenge", "departement": "Gironde", "prix_m2_median": 3780, "prix_m2_median_maison": 3910, "prix_m2_median_appartement": 3690, "nb_ventes": 379, "evolution_prix_pct": -3.9, "part_passoires_dpe_pct": 2.3, "fiabilite": "élevée", "url": "https://vendsmonbien.com/prix-immobilier/33-gironde/audenge/"}}, {"type": "Feature", "geometry": {"type": "Point", "coordinates": [-0.159, 44.5117]}, "properties": {"code_insee": "33021", "nom": "Auros", "departement": "Gironde", "prix_m2_median": 1920, "prix_m2_median_maison": 1920, "prix_m2_median_appartement": null, "nb_ventes": 16, "evolution_prix_pct": null, "part_passoires_dpe_pct": null, "fiabilite": "indicative", "url": "https://vendsmonbien.com/prix-immobilier/33-gironde/auros/"}}, {"type": "Feature", "geometry": {"type": "Point", "coordinates": [-0.7574, 45.0033]}, "properties": {"code_insee": "33022", "nom": "Avensan", "departement": "Gironde", "prix_m2_median": 2850, "prix_m2_median_maison": 2840, "prix_m2_median_appartement": 3120, "nb_ventes": 98, "evolution_prix_pct": -6.3, "part_passoires_dpe_pct": 5.9, "fiabilite": "bonne", "url": "https://vendsmonbien.com/prix-immobilier/33-gironde/avensan/"}}, {"type": "Feature", "geometry": {"type": "Point", "coordinates": [-0.4857, 44.7027]}, "properties": {"code_insee": "33023", "nom": "Ayguemorte-les-Graves", "departement": "Gironde", "prix_m2_median": 3210, "prix_m2_median_maison": 3210, "prix_m2_median_appartement": null, "nb_ventes": 22, "evolution_prix_pct": null, "part_passoires_dpe_pct": null, "fiabilite": "indicative", "url": "https://vendsmonbien.com/prix-immobilier/33-gironde/ayguemorte-les-graves/"}}, {"type": "Feature", "geometry": {"type": "Point", "coordinates": [-0.318, 44.8218]}, "properties": {"code_insee": "33028", "nom": "Baron", "departement": "Gironde", "prix_m2_median": 2660, "prix_m2_median_maison": 2660, "prix_m2_median_appartement": null, "nb_ventes": 21, "evolution_prix_pct": null, "part_passoires_dpe_pct": null, "fiabilite": "indicative", "url": "https://vendsmonbien.com/prix-immobilier/33-gironde/baron/"}}, {"type": "Feature", "geometry": {"type": "Point", "coordinates": [-0.3259, 44.6036]}, "properties": {"code_insee": "33030", "nom": "Barsac", "departement": "Gironde", "prix_m2_median": 1820, "prix_m2_median_maison": 1750, "prix_m2_median_appartement": 2100, "nb_ventes": 68, "evolution_prix_pct": 18.9, "part_passoires_dpe_pct": 10.4, "fiabilite": "bonne", "url": "https://vendsmonbien.com/prix-immobilier/33-gironde/barsac/"}}, {"type": "Feature", "geometry": {"type": "Point", "coordinates": [-0.526, 44.9068]}, "properties": {"code_insee": "33032", "nom": "Bassens", "departement": "Gironde", "prix_m2_median": 2960, "prix_m2_median_maison": 3030, "prix_m2_median_appartement": 2890, "nb_ventes": 202, "evolution_prix_pct": -3.3, "part_passoires_dpe_pct": 1.6, "fiabilite": "élevée", "url": "https://vendsmonbien.com/prix-immobilier/33-gironde/bassens/"}}, {"type": "Feature", "geometry": {"type": "Point", "coordinates": [-0.6094, 45.0421]}, "properties": {"code_insee": "33035", "nom": "Bayon-sur-Gironde", "departement": "Gironde", "prix_m2_median": 1910, "prix_m2_median_maison": 1910, "prix_m2_median_appartement": null, "nb_ventes": 17, "evolution_prix_pct": null, "part_passoires_dpe_pct": null, "fiabilite": "indicative", "url": "https://vendsmonbien.com/prix-immobilier/33-gironde/bayon-sur-gironde/"}}, {"type": "Feature", "geometry": {"type": "Point", "coordinates": [-0.2177, 44.4409]}, "properties": {"code_insee": "33036", "nom": "Bazas", "departement": "Gironde", "prix_m2_median": 1880, "prix_m2_median_maison": 1850, "prix_m2_median_appartement": 1940, "nb_ventes": 85, "evolution_prix_pct": -4.1, "part_passoires_dpe_pct": 6.1, "fiabilite": "bonne", "url": "https://vendsmonbien.com/prix-immobilier/33-gironde/bazas/"}}, {"type": "Feature", "geometry": {"type": "Point", "coordinates": [-0.4604, 44.7035]}, "properties": {"code_insee": "33037", "nom": "Beautiran", "departement": "Gironde", "prix_m2_median": 2950, "prix_m2_median_maison": 2930, "prix_m2_median_appartement": null, "nb_ventes": 58, "evolution_prix_pct": -7.9, "part_passoires_dpe_pct": 7.3, "fiabilite": "bonne", "url": "https://vendsmonbien.com/prix-immobilier/33-gironde/beautiran/"}}, {"type": "Feature", "geometry": {"type": "Point", "coordinates": [-0.8778, 45.3784]}, "properties": {"code_insee": "33038", "nom": "Bégadan", "departement": "Gironde", "prix_m2_median": 1540, "prix_m2_median_maison": 1540, "prix_m2_median_appartement": null, "nb_ventes": 16, "evolution_prix_pct": null, "part_passoires_dpe_pct": null, "fiabilite": "indicative", "url": "https://vendsmonbien.com/prix-immobilier/33-gironde/begadan/"}}, {"type": "Feature", "geometry": {"type": "Point", "coordinates": [-0.5485, 44.803]}, "properties": {"code_insee": "33039", "nom": "Bègles", "departement": "Gironde", "prix_m2_median": 3600, "prix_m2_median_maison": 4190, "prix_m2_median_appartement": 3280, "nb_ventes": 1188, "evolution_prix_pct": -8.4, "part_passoires_dpe_pct": 3.4, "fiabilite": "élevée", "url": "https://vendsmonbien.com/prix-immobilier/33-gironde/begles/"}}, {"type": "Feature", "geometry": {"type": "Point", "coordinates": [-0.326, 44.6494]}, "properties": {"code_insee": "33040", "nom": "Béguey", "departement": "Gironde", "prix_m2_median": 2040, "prix_m2_median_maison": 2040, "prix_m2_median_appartement": null, "nb_ventes": 42, "evolution_prix_pct": null, "part_passoires_dpe_pct": 9.5, "fiabilite": "bonne", "url": "https://vendsmonbien.com/prix-immobilier/33-gironde/beguey/"}}, {"type": "Feature", "geometry": {"type": "Point", "coordinates": [-0.7989, 44.4959]}, "properties": {"code_insee": "33042", "nom": "Belin-Béliet", "departement": "Gironde", "prix_m2_median": 2860, "prix_m2_median_maison": 2800, "prix_m2_median_appartement": 2940, "nb_ventes": 174, "evolution_prix_pct": -23.0, "part_passoires_dpe_pct": 3.7, "fiabilite": "élevée", "url": "https://vendsmonbien.com/prix-immobilier/33-gironde/belin-beliet/"}}, {"type": "Feature", "geometry": {"type": "Point", "coordinates": [-0.259, 44.3641]}, "properties": {"code_insee": "33046", "nom": "Bernos-Beaulac", "departement": "Gironde", "prix_m2_median": 1820, "prix_m2_median_maison": 1820, "prix_m2_median_appartement": null, "nb_ventes": 16, "evolution_prix_pct": null, "part_passoires_dpe_pct": null, "fiabilite": "indicative", "url": "https://vendsmonbien.com/prix-immobilier/33-gironde/bernos-beaulac/"}}, {"type": "Feature", "geometry": {"type": "Point", "coordinates": [-0.5782, 45.1188]}, "properties": {"code_insee": "33047", "nom": "Berson", "departement": "Gironde", "prix_m2_median": 1670, "prix_m2_median_maison": 1670, "prix_m2_median_appartement": null, "nb_ventes": 52, "evolution_prix_pct": null, "part_passoires_dpe_pct": 4.6, "fiabilite": "bonne", "url": "https://vendsmonbien.com/prix-immobilier/33-gironde/berson/"}}, {"type": "Feature", "geometry": {"type": "Point", "coordinates": [-0.9582, 44.6599]}, "properties": {"code_insee": "33051", "nom": "Biganos", "departement": "Gironde", "prix_m2_median": 3620, "prix_m2_median_maison": 3610, "prix_m2_median_appartement": 3620, "nb_ventes": 337, "evolution_prix_pct": -7.6, "part_passoires_dpe_pct": 3.2, "fiabilite": "élevée", "url": "https://vendsmonbien.com/prix-immobilier/33-gironde/biganos/"}}, {"type": "Feature", "geometry": {"type": "Point", "coordinates": [-0.61, 44.9216]}, "properties": {"code_insee": "33056", "nom": "Blanquefort", "departement": "Gironde", "prix_m2_median": 3350, "prix_m2_median_maison": 3560, "prix_m2_median_appartement": 3060, "nb_ventes": 405, "evolution_prix_pct": -15.0, "part_passoires_dpe_pct": 1.5, "fiabilite": "élevée", "url": "https://vendsmonbien.com/prix-immobilier/33-gironde/blanquefort/"}}, {"type": "Feature", "geometry": {"type": "Point", "coordinates": [-0.667, 45.1311]}, "properties": {"code_insee": "33058", "nom": "Blaye", "departement": "Gironde", "prix_m2_median": 1710, "prix_m2_median_maison": 1730, "prix_m2_median_appartement": 1660, "nb_ventes": 169, "evolution_prix_pct": -1.1, "part_passoires_dpe_pct": 6.5, "fiabilite": "élevée", "url": "https://vendsmonbien.com/prix-immobilier/33-gironde/blaye/"}}, {"type": "Feature", "geometry": {"type": "Point", "coordinates": [-0.4091, 44.8207]}, "properties": {"code_insee": "33061", "nom": "Bonnetan", "departement": "Gironde", "prix_m2_median": 3300, "prix_m2_median_maison": 3300, "prix_m2_median_appartement": null, "nb_ventes": 16, "evolution_prix_pct": null, "part_passoires_dpe_pct": null, "fiabilite": "indicative", "url": "https://vendsmonbien.com/prix-immobilier/33-gironde/bonnetan/"}}, {"type": "Feature", "geometry": {"type": "Point", "coordinates": [-0.5848, 44.8624]}, "properties": {"code_insee": "33063", "nom": "Bordeaux", "departement": "Gironde", "prix_m2_median": 4460, "prix_m2_median_maison": 5090, "prix_m2_median_appartement": 4300, "nb_ventes": 12331, "evolution_prix_pct": -9.1, "part_passoires_dpe_pct": 6.2, "fiabilite": "élevée", "url": "https://vendsmonbien.com/prix-immobilier/33-gironde/bordeaux/"}}, {"type": "Feature", "geometry": {"type": "Point", "coordinates": [-0.5026, 44.8165]}, "properties": {"code_insee": "33065", "nom": "Bouliac", "departement": "Gironde", "prix_m2_median": 3450, "prix_m2_median_maison": 3770, "prix_m2_median_appartement": 3360, "nb_ventes": 61, "evolution_prix_pct": -17.9, "part_passoires_dpe_pct": 5.0, "fiabilite": "bonne", "url": "https://vendsmonbien.com/prix-immobilier/33-gironde/bouliac/"}}, {"type": "Feature", "geometry": {"type": "Point", "coordinates": [-0.5484, 45.0396]}, "properties": {"code_insee": "33067", "nom": "Bourg", "departement": "Gironde", "prix_m2_median": 1550, "prix_m2_median_maison": 1570, "prix_m2_median_appartement": null, "nb_ventes": 67, "evolution_prix_pct": 15.4, "part_passoires_dpe_pct": 7.5, "fiabilite": "bonne", "url": "https://vendsmonbien.com/prix-immobilier/33-gironde/bourg/"}}, {"type": "Feature", "geometry": {"type": "Point", "coordinates": [-0.181, 44.8299]}, "properties": {"code_insee": "33071", "nom": "Branne", "departement": "Gironde", "prix_m2_median": 2060, "prix_m2_median_maison": 2140, "prix_m2_median_appartement": null, "nb_ventes": 26, "evolution_prix_pct": null, "part_passoires_dpe_pct": null, "fiabilite": "indicative", "url": "https://vendsmonbien.com/prix-immobilier/33-gironde/branne/"}}, {"type": "Feature", "geometry": {"type": "Point", "coordinates": [-0.6581, 45.2569]}, "properties": {"code_insee": "33073", "nom": "Braud-et-Saint-Louis", "departement": "Gironde", "prix_m2_median": 1490, "prix_m2_median_maison": 1490, "prix_m2_median_appartement": null, "nb_ventes": 27, "evolution_prix_pct": null, "part_passoires_dpe_pct": null, "fiabilite": "indicative", "url": "https://vendsmonbien.com/prix-immobilier/33-gironde/braud-et-saint-louis/"}}, {"type": "Feature", "geometry": {"type": "Point", "coordinates": [-0.6029, 44.8893]}, "properties": {"code_insee": "33075", "nom": "Bruges", "departement": "Gironde", "prix_m2_median": 3700, "prix_m2_median_maison": 4280, "prix_m2_median_appartement": 3530, "nb_ventes": 863, "evolution_prix_pct": -3.5, "part_passoires_dpe_pct": 1.2, "fiabilite": "élevée", "url": "https://vendsmonbien.com/prix-immobilier/33-gironde/bruges/"}}, {"type": "Feature", "geometry": {"type": "Point", "coordinates": [-0.4058, 44.537]}, "properties": {"code_insee": "33076", "nom": "Budos", "departement": "Gironde", "prix_m2_median": 2020, "prix_m2_median_maison": 2020, "prix_m2_median_appartement": null, "nb_ventes": 19, "evolution_prix_pct": null, "part_passoires_dpe_pct": null, "fiabilite": "indicative", "url": "https://vendsmonbien.com/prix-immobilier/33-gironde/budos/"}}, {"type": "Feature", "geometry": {"type": "Point", "coordinates": [-0.5412, 44.5889]}, "properties": {"code_insee": "33077", "nom": "Cabanac-et-Villagrains", "departement": "Gironde", "prix_m2_median": 2680, "prix_m2_median_maison": 2680, "prix_m2_median_appartement": null, "nb_ventes": 45, "evolution_prix_pct": -17.5, "part_passoires_dpe_pct": 6.4, "fiabilite": "bonne", "url": "https://vendsmonbien.com/prix-immobilier/33-gironde/cabanac-et-villagrains/"}}, {"type": "Feature", "geometry": {"type": "Point", "coordinates": [-0.5316, 44.7468]}, "properties": {"code_insee": "33080", "nom": "Cadaujac", "departement": "Gironde", "prix_m2_median": 3330, "prix_m2_median_maison": 3330, "prix_m2_median_appartement": 3300, "nb_ventes": 205, "evolution_prix_pct": -12.4, "part_passoires_dpe_pct": 2.6, "fiabilite": "élevée", "url": "https://vendsmonbien.com/prix-immobilier/33-gironde/cadaujac/"}}, {"type": "Feature", "geometry": {"type": "Point", "coordinates": [-0.3732, 44.9612]}, "properties": {"code_insee": "33082", "nom": "Cadillac-en-Fronsadais", "departement": "Gironde", "prix_m2_median": 2200, "prix_m2_median_maison": 2200, "prix_m2_median_appartement": null, "nb_ventes": 27, "evolution_prix_pct": null, "part_passoires_dpe_pct": null, "fiabilite": "indicative", "url": "https://vendsmonbien.com/prix-immobilier/33-gironde/cadillac-en-fronsadais/"}}, {"type": "Feature", "geometry": {"type": "Point", "coordinates": [-0.3076, 44.6407]}, "properties": {"code_insee": "33081", "nom": "Cadillac-sur-Garonne", "departement": "Gironde", "prix_m2_median": 2060, "prix_m2_median_maison": 2060, "prix_m2_median_appartement": 2050, "nb_ventes": 60, "evolution_prix_pct": -3.9, "part_passoires_dpe_pct": 6.0, "fiabilite": "bonne", "url": "https://vendsmonbien.com/prix-immobilier/33-gironde/cadillac-sur-garonne/"}}, {"type": "Feature", "geometry": {"type": "Point", "coordinates": [-0.3703, 44.8256]}, "properties": {"code_insee": "33083", "nom": "Camarsac", "departement": "Gironde", "prix_m2_median": 2950, "prix_m2_median_maison": 2950, "prix_m2_median_appartement": null, "nb_ventes": 20, "evolution_prix_pct": null, "part_passoires_dpe_pct": null, "fiabilite": "indicative", "url": "https://vendsmonbien.com/prix-immobilier/33-gironde/camarsac/"}}, {"type": "Feature", "geometry": {"type": "Point", "coordinates": [-0.4644, 44.7408]}, "properties": {"code_insee": "33084", "nom": "Cambes", "departement": "Gironde", "prix_m2_median": 2890, "prix_m2_median_maison": 3010, "prix_m2_median_appartement": 2410, "nb_ventes": 42, "evolution_prix_pct": null, "part_passoires_dpe_pct": 7.4, "fiabilite": "bonne", "url": "https://vendsmonbien.com/prix-immobilier/33-gironde/cambes/"}}, {"type": "Feature", "geometry": {"type": "Point", "coordinates": [-0.474, 44.7643]}, "properties": {"code_insee": "33085", "nom": "Camblanes-et-Meynac", "departement": "Gironde", "prix_m2_median": 3620, "prix_m2_median_maison": 3580, "prix_m2_median_appartement": 4600, "nb_ventes": 80, "evolution_prix_pct": 0.0, "part_passoires_dpe_pct": 4.8, "fiabilite": "bonne", "url": "https://vendsmonbien.com/prix-immobilier/33-gironde/camblanes-et-meynac/"}}, {"type": "Feature", "geometry": {"type": "Point", "coordinates": [-0.0342, 45.0175]}, "properties": {"code_insee": "33088", "nom": "Camps-sur-l'Isle", "departement": "Gironde", "prix_m2_median": 1920, "prix_m2_median_maison": 1920, "prix_m2_median_appartement": null, "nb_ventes": 19, "evolution_prix_pct": null, "part_passoires_dpe_pct": null, "fiabilite": "indicative", "url": "https://vendsmonbien.com/prix-immobilier/33-gironde/camps-sur-lisle/"}}, {"type": "Feature", "geometry": {"type": "Point", "coordinates": [-0.659, 44.7572]}, "properties": {"code_insee": "33090", "nom": "Canéjan", "departement": "Gironde", "prix_m2_median": 3620, "prix_m2_median_maison": 3460, "prix_m2_median_appartement": 4420, "nb_ventes": 106, "evolution_prix_pct": -0.6, "part_passoires_dpe_pct": 0.7, "fiabilite": "élevée", "url": "https://vendsmonbien.com/prix-immobilier/33-gironde/canejan/"}}, {"type": "Feature", "geometry": {"type": "Point", "coordinates": [-0.3277, 44.7179]}, "properties": {"code_insee": "33093", "nom": "Capian", "departement": "Gironde", "prix_m2_median": 2540, "prix_m2_median_maison": 2540, "prix_m2_median_appartement": null, "nb_ventes": 15, "evolution_prix_pct": null, "part_passoires_dpe_pct": null, "fiabilite": "indicative", "url": "https://vendsmonbien.com/prix-immobilier/33-gironde/capian/"}}, {"type": "Feature", "geometry": {"type": "Point", "coordinates": [-0.2981, 44.2621]}, "properties": {"code_insee": "33095", "nom": "Captieux", "departement": "Gironde", "prix_m2_median": 1170, "prix_m2_median_maison": 1170, "prix_m2_median_appartement": null, "nb_ventes": 22, "evolution_prix_pct": null, "part_passoires_dpe_pct": null, "fiabilite": "indicative", "url": "https://vendsmonbien.com/prix-immobilier/33-gironde/captieux/"}}, {"type": "Feature", "geometry": {"type": "Point", "coordinates": [-0.5008, 44.9019]}, "properties": {"code_insee": "33096", "nom": "Carbon-Blanc", "departement": "Gironde", "prix_m2_median": 2840, "prix_m2_median_maison": 3020, "prix_m2_median_appartement": 2590, "nb_ventes": 228, "evolution_prix_pct": -11.4, "part_passoires_dpe_pct": 2.6, "fiabilite": "élevée", "url": "https://vendsmonbien.com/prix-immobilier/33-gironde/carbon-blanc/"}}, {"type": "Feature", "geometry": {"type": "Point", "coordinates": [-1.0404, 45.0794]}, "properties": {"code_insee": "33097", "nom": "Carcans", "departement": "Gironde", "prix_m2_median": 4120, "prix_m2_median_maison": 4130, "prix_m2_median_appartement": 4110, "nb_ventes": 190, "evolution_prix_pct": 0.0, "part_passoires_dpe_pct": 9.3, "fiabilite": "élevée", "url": "https://vendsmonbien.com/prix-immobilier/33-gironde/carcans/"}}, {"type": "Feature", "geometry": {"type": "Point", "coordinates": [-0.4739, 44.8093]}, "properties": {"code_insee": "33099", "nom": "Carignan-de-Bordeaux", "departement": "Gironde", "prix_m2_median": 3350, "prix_m2_median_maison": 3370, "prix_m2_median_appartement": 3120, "nb_ventes": 68, "evolution_prix_pct": -14.0, "part_passoires_dpe_pct": 2.4, "fiabilite": "bonne", "url": "https://vendsmonbien.com/prix-immobilier/33-gironde/carignan-de-bordeaux/"}}, {"type": "Feature", "geometry": {"type": "Point", "coordinates": [-0.616, 45.1272]}, "properties": {"code_insee": "33100", "nom": "Cars", "departement": "Gironde", "prix_m2_median": 1850, "prix_m2_median_maison": 1880, "prix_m2_median_appartement": null, "nb_ventes": 26, "evolution_prix_pct": null, "part_passoires_dpe_pct": null, "fiabilite": "indicative", "url": "https://vendsmonbien.com/prix-immobilier/33-gironde/cars/"}}, {"type": "Feature", "geometry": {"type": "Point", "coordinates": [-0.5732, 45.1882]}, "properties": {"code_insee": "33101", "nom": "Cartelègue", "departement": "Gironde", "prix_m2_median": 1860, "prix_m2_median_maison": 1870, "prix_m2_median_appartement": null, "nb_ventes": 21, "evolution_prix_pct": null, "part_passoires_dpe_pct": null, "fiabilite": "indicative", "url": "https://vendsmonbien.com/prix-immobilier/33-gironde/cartelegue/"}}, {"type": "Feature", "geometry": {"type": "Point", "coordinates": [-0.8162, 45.0033]}, "properties": {"code_insee": "33104", "nom": "Castelnau-de-Médoc", "departement": "Gironde", "prix_m2_median": 2770, "prix_m2_median_maison": 2800, "prix_m2_median_appartement": 2700, "nb_ventes": 200, "evolution_prix_pct": -6.4, "part_passoires_dpe_pct": 5.6, "fiabilite": "élevée", "url": "https://vendsmonbien.com/prix-immobilier/33-gironde/castelnau-de-medoc/"}}, {"type": "Feature", "geometry": {"type": "Point", "coordinates": [-0.1366, 44.5544]}, "properties": {"code_insee": "33106", "nom": "Castets et Castillon", "departement": "Gironde", "prix_m2_median": 1960, "prix_m2_median_maison": 1960, "prix_m2_median_appartement": null, "nb_ventes": 27, "evolution_prix_pct": null, "part_passoires_dpe_pct": null, "fiabilite": "indicative", "url": "https://vendsmonbien.com/prix-immobilier/33-gironde/castets-et-castillon/"}}, {"type": "Feature", "geometry": {"type": "Point", "coordinates": [-0.0244, 44.8622]}, "properties": {"code_insee": "33108", "nom": "Castillon-la-Bataille", "departement": "Gironde", "prix_m2_median": 1330, "prix_m2_median_maison": 1240, "prix_m2_median_appartement": 1450, "nb_ventes": 115, "evolution_prix_pct": 9.5, "part_passoires_dpe_pct": 8.4, "fiabilite": "élevée", "url": "https://vendsmonbien.com/prix-immobilier/33-gironde/castillon-la-bataille/"}}, {"type": "Feature", "geometry": {"type": "Point", "coordinates": [-0.4566, 44.6866]}, "properties": {"code_insee": "33109", "nom": "Castres-Gironde", "departement": "Gironde", "prix_m2_median": 2860, "prix_m2_median_maison": 2860, "prix_m2_median_appartement": null, "nb_ventes": 71, "evolution_prix_pct": -2.4, "part_passoires_dpe_pct": 3.3, "fiabilite": "bonne", "url": "https://vendsmonbien.com/prix-immobilier/33-gironde/castres-gironde/"}}, {"type": "Feature", "geometry": {"type": "Point", "coordinates": [-0.1447, 44.5845]}, "properties": {"code_insee": "33111", "nom": "Caudrot", "departement": "Gironde", "prix_m2_median": 1600, "prix_m2_median_maison": 1410, "prix_m2_median_appartement": null, "nb_ventes": 21, "evolution_prix_pct": null, "part_passoires_dpe_pct": null, "fiabilite": "indicative", "url": "https://vendsmonbien.com/prix-immobilier/33-gironde/caudrot/"}}, {"type": "Feature", "geometry": {"type": "Point", "coordinates": [-0.3784, 45.0981]}, "properties": {"code_insee": "33114", "nom": "Cavignac", "departement": "Gironde", "prix_m2_median": 1970, "prix_m2_median_maison": 2040, "prix_m2_median_appartement": 1940, "nb_ventes": 105, "evolution_prix_pct": 1.6, "part_passoires_dpe_pct": 1.7, "fiabilite": "élevée", "url": "https://vendsmonbien.com/prix-immobilier/33-gironde/cavignac/"}}, {"type": "Feature", "geometry": {"type": "Point", "coordinates": [-0.4573, 44.7849]}, "properties": {"code_insee": "33118", "nom": "Cénac", "departement": "Gironde", "prix_m2_median": 3270, "prix_m2_median_maison": 3270, "prix_m2_median_appartement": null, "nb_ventes": 40, "evolution_prix_pct": null, "part_passoires_dpe_pct": 3.8, "fiabilite": "bonne", "url": "https://vendsmonbien.com/prix-immobilier/33-gironde/cenac/"}}, {"type": "Feature", "geometry": {"type": "Point", "coordinates": [-0.5223, 44.8552]}, "properties": {"code_insee": "33119", "nom": "Cenon", "departement": "Gironde", "prix_m2_median": 3170, "prix_m2_median_maison": 3400, "prix_m2_median_appartement": 3110, "nb_ventes": 971, "evolution_prix_pct": -10.1, "part_passoires_dpe_pct": 4.6, "fiabilite": "élevée", "url": "https://vendsmonbien.com/prix-immobilier/33-gironde/cenon/"}}, {"type": "Feature", "geometry": {"type": "Point", "coordinates": [-0.3404, 44.6268]}, "properties": {"code_insee": "33120", "nom": "Cérons", "departement": "Gironde", "prix_m2_median": 2220, "prix_m2_median_maison": 2220, "prix_m2_median_appartement": null, "nb_ventes": 65, "evolution_prix_pct": -18.7, "part_passoires_dpe_pct": 6.2, "fiabilite": "bonne", "url": "https://vendsmonbien.com/prix-immobilier/33-gironde/cerons/"}}, {"type": "Feature", "geometry": {"type": "Point", "coordinates": [-0.7349, 44.7274]}, "properties": {"code_insee": "33122", "nom": "Cestas", "departement": "Gironde", "prix_m2_median": 3830, "prix_m2_median_maison": 3840, "prix_m2_median_appartement": 3790, "nb_ventes": 286, "evolution_prix_pct": -5.9, "part_passoires_dpe_pct": 2.2, "fiabilite": "élevée", "url": "https://vendsmonbien.com/prix-immobilier/33-gironde/cestas/"}}, {"type": "Feature", "geometry": {"type": "Point", "coordinates": [-0.4171, 45.0867]}, "properties": {"code_insee": "33123", "nom": "Cézac", "departement": "Gironde", "prix_m2_median": 2320, "prix_m2_median_maison": 2320, "prix_m2_median_appartement": null, "nb_ventes": 49, "evolution_prix_pct": 1.3, "part_passoires_dpe_pct": 3.3, "fiabilite": "bonne", "url": "https://vendsmonbien.com/prix-immobilier/33-gironde/cezac/"}}, {"type": "Feature", "geometry": {"type": "Point", "coordinates": [-0.0883, 45.0975]}, "properties": {"code_insee": "33124", "nom": "Chamadelle", "departement": "Gironde", "prix_m2_median": 1370, "prix_m2_median_maison": 1370, "prix_m2_median_appartement": null, "nb_ventes": 15, "evolution_prix_pct": null, "part_passoires_dpe_pct": null, "fiabilite": "indicative", "url": "https://vendsmonbien.com/prix-immobilier/33-gironde/chamadelle/"}}, {"type": "Feature", "geometry": {"type": "Point", "coordinates": [-0.8413, 45.2149]}, "properties": {"code_insee": "33125", "nom": "Cissac-Médoc", "departement": "Gironde", "prix_m2_median": 2090, "prix_m2_median_maison": 2090, "prix_m2_median_appartement": null, "nb_ventes": 31, "evolution_prix_pct": null, "part_passoires_dpe_pct": 8.2, "fiabilite": "bonne", "url": "https://vendsmonbien.com/prix-immobilier/33-gironde/cissac-medoc/"}}, {"type": "Feature", "geometry": {"type": "Point", "coordinates": [-0.1003, 45.0408]}, "properties": {"code_insee": "33138", "nom": "Coutras", "departement": "Gironde", "prix_m2_median": 1820, "prix_m2_median_maison": 1810, "prix_m2_median_appartement": 1840, "nb_ventes": 250, "evolution_prix_pct": -3.2, "part_passoires_dpe_pct": 7.4, "fiabilite": "élevée", "url": "https://vendsmonbien.com/prix-immobilier/33-gironde/coutras/"}}, {"type": "Feature", "geometry": {"type": "Point", "coordinates": [-0.3444, 44.7688]}, "properties": {"code_insee": "33140", "nom": "Créon", "departement": "Gironde", "prix_m2_median": 2740, "prix_m2_median_maison": 2770, "prix_m2_median_appartement": 2580, "nb_ventes": 178, "evolution_prix_pct": -9.5, "part_passoires_dpe_pct": 2.7, "fiabilite": "élevée", "url": "https://vendsmonbien.com/prix-immobilier/33-gironde/creon/"}}, {"type": "Feature", "geometry": {"type": "Point", "coordinates": [-0.4202, 45.0744]}, "properties": {"code_insee": "33142", "nom": "Cubnezais", "departement": "Gironde", "prix_m2_median": 2420, "prix_m2_median_maison": 2420, "prix_m2_median_appartement": null, "nb_ventes": 42, "evolution_prix_pct": -4.6, "part_passoires_dpe_pct": 4.4, "fiabilite": "bonne", "url": "https://vendsmonbien.com/prix-immobilier/33-gironde/cubnezais/"}}, {"type": "Feature", "geometry": {"type": "Point", "coordinates": [-0.4426, 44.9674]}, "properties": {"code_insee": "33143", "nom": "Cubzac-les-Ponts", "departement": "Gironde", "prix_m2_median": 2340, "prix_m2_median_maison": 2360, "prix_m2_median_appartement": 2160, "nb_ventes": 70, "evolution_prix_pct": -18.9, "part_passoires_dpe_pct": 5.2, "fiabilite": "bonne", "url": "https://vendsmonbien.com/prix-immobilier/33-gironde/cubzac-les-ponts/"}}, {"type": "Feature", "geometry": {"type": "Point", "coordinates": [-0.726, 45.1207]}, "properties": {"code_insee": "33146", "nom": "Cussac-Fort-Médoc", "departement": "Gironde", "prix_m2_median": 2390, "prix_m2_median_maison": 2360, "prix_m2_median_appartement": null, "nb_ventes": 47, "evolution_prix_pct": 1.2, "part_passoires_dpe_pct": 5.9, "fiabilite": "bonne", "url": "https://vendsmonbien.com/prix-immobilier/33-gironde/cussac-fort-medoc/"}}, {"type": "Feature", "geometry": {"type": "Point", "coordinates": [-0.4468, 45.2397]}, "properties": {"code_insee": "33151", "nom": "Donnezac", "departement": "Gironde", "prix_m2_median": 1350, "prix_m2_median_maison": 1350, "prix_m2_median_appartement": null, "nb_ventes": 24, "evolution_prix_pct": null, "part_passoires_dpe_pct": null, "fiabilite": "indicative", "url": "https://vendsmonbien.com/prix-immobilier/33-gironde/donnezac/"}}, {"type": "Feature", "geometry": {"type": "Point", "coordinates": [-0.5851, 45.2221]}, "properties": {"code_insee": "33159", "nom": "Étauliers", "departement": "Gironde", "prix_m2_median": 1390, "prix_m2_median_maison": 1350, "prix_m2_median_appartement": 1540, "nb_ventes": 69, "evolution_prix_pct": -4.3, "part_passoires_dpe_pct": 6.1, "fiabilite": "bonne", "url": "https://vendsmonbien.com/prix-immobilier/33-gironde/etauliers/"}}, {"type": "Feature", "geometry": {"type": "Point", "coordinates": [-0.6116, 45.1967]}, "properties": {"code_insee": "33161", "nom": "Eyrans", "departement": "Gironde", "prix_m2_median": 1620, "prix_m2_median_maison": 1620, "prix_m2_median_appartement": null, "nb_ventes": 22, "evolution_prix_pct": null, "part_passoires_dpe_pct": null, "fiabilite": "indicative", "url": "https://vendsmonbien.com/prix-immobilier/33-gironde/eyrans/"}}, {"type": "Feature", "geometry": {"type": "Point", "coordinates": [-0.646, 44.8779]}, "properties": {"code_insee": "33162", "nom": "Eysines", "departement": "Gironde", "prix_m2_median": 3570, "prix_m2_median_maison": 3750, "prix_m2_median_appartement": 3510, "nb_ventes": 945, "evolution_prix_pct": -9.7, "part_passoires_dpe_pct": 2.1, "fiabilite": "élevée", "url": "https://vendsmonbien.com/prix-immobilier/33-gironde/eysines/"}}, {"type": "Feature", "geometry": {"type": "Point", "coordinates": [-0.2926, 44.5362]}, "properties": {"code_insee": "33164", "nom": "Fargues", "departement": "Gironde", "prix_m2_median": 2170, "prix_m2_median_maison": 2170, "prix_m2_median_appartement": null, "nb_ventes": 35, "evolution_prix_pct": null, "part_passoires_dpe_pct": 2.7, "fiabilite": "bonne", "url": "https://vendsmonbien.com/prix-immobilier/33-gironde/fargues/"}}, {"type": "Feature", "geometry": {"type": "Point", "coordinates": [-0.4399, 44.8202]}, "properties": {"code_insee": "33165", "nom": "Fargues-Saint-Hilaire", "departement": "Gironde", "prix_m2_median": 3240, "prix_m2_median_maison": 3060, "prix_m2_median_appartement": 3380, "nb_ventes": 110, "evolution_prix_pct": -5.4, "part_passoires_dpe_pct": 2.5, "fiabilite": "élevée", "url": "https://vendsmonbien.com/prix-immobilier/33-gironde/fargues-saint-hilaire/"}}, {"type": "Feature", "geometry": {"type": "Point", "coordinates": [-0.5215, 44.8322]}, "properties": {"code_insee": "33167", "nom": "Floirac", "departement": "Gironde", "prix_m2_median": 3300, "prix_m2_median_maison": 3410, "prix_m2_median_appartement": 3250, "nb_ventes": 492, "evolution_prix_pct": -8.1, "part_passoires_dpe_pct": 1.3, "fiabilite": "élevée", "url": "https://vendsmonbien.com/prix-immobilier/33-gironde/floirac/"}}, {"type": "Feature", "geometry": {"type": "Point", "coordinates": [-0.027, 44.5531]}, "properties": {"code_insee": "33170", "nom": "Fontet", "departement": "Gironde", "prix_m2_median": 1540, "prix_m2_median_maison": 1540, "prix_m2_median_appartement": null, "nb_ventes": 16, "evolution_prix_pct": null, "part_passoires_dpe_pct": null, "fiabilite": "indicative", "url": "https://vendsmonbien.com/prix-immobilier/33-gironde/fontet/"}}, {"type": "Feature", "geometry": {"type": "Point", "coordinates": [-0.2765, 44.9213]}, "properties": {"code_insee": "33174", "nom": "Fronsac", "departement": "Gironde", "prix_m2_median": 2170, "prix_m2_median_maison": 2150, "prix_m2_median_appartement": null, "nb_ventes": 24, "evolution_prix_pct": null, "part_passoires_dpe_pct": null, "fiabilite": "indicative", "url": "https://vendsmonbien.com/prix-immobilier/33-gironde/fronsac/"}}, {"type": "Feature", "geometry": {"type": "Point", "coordinates": [-0.9946, 45.3135]}, "properties": {"code_insee": "33177", "nom": "Gaillan-en-Médoc", "departement": "Gironde", "prix_m2_median": 2600, "prix_m2_median_maison": 2020, "prix_m2_median_appartement": 3980, "nb_ventes": 55, "evolution_prix_pct": -3.6, "part_passoires_dpe_pct": 6.3, "fiabilite": "bonne", "url": "https://vendsmonbien.com/prix-immobilier/33-gironde/gaillan-en-medoc/"}}, {"type": "Feature", "geometry": {"type": "Point", "coordinates": [-0.278, 44.991]}, "properties": {"code_insee": "33179", "nom": "Galgon", "departement": "Gironde", "prix_m2_median": 2050, "prix_m2_median_maison": 2100, "prix_m2_median_appartement": 1930, "nb_ventes": 92, "evolution_prix_pct": -11.2, "part_passoires_dpe_pct": 4.3, "fiabilite": "bonne", "url": "https://vendsmonbien.com/prix-immobilier/33-gironde/galgon/"}}, {"type": "Feature", "geometry": {"type": "Point", "coordinates": [-0.6278, 45.0614]}, "properties": {"code_insee": "33182", "nom": "Gauriac", "departement": "Gironde", "prix_m2_median": 1950, "prix_m2_median_maison": 1950, "prix_m2_median_appartement": null, "nb_ventes": 30, "evolution_prix_pct": null, "part_passoires_dpe_pct": 13.6, "fiabilite": "bonne", "url": "https://vendsmonbien.com/prix-immobilier/33-gironde/gauriac/"}}, {"type": "Feature", "geometry": {"type": "Point", "coordinates": [-0.3947, 45.0446]}, "properties": {"code_insee": "33183", "nom": "Gauriaguet", "departement": "Gironde", "prix_m2_median": 2670, "prix_m2_median_maison": 2670, "prix_m2_median_appartement": null, "nb_ventes": 20, "evolution_prix_pct": null, "part_passoires_dpe_pct": null, "fiabilite": "indicative", "url": "https://vendsmonbien.com/prix-immobilier/33-gironde/gauriaguet/"}}, {"type": "Feature", "geometry": {"type": "Point", "coordinates": [-0.2496, 44.8614]}, "properties": {"code_insee": "33185", "nom": "Génissac", "departement": "Gironde", "prix_m2_median": 2580, "prix_m2_median_maison": 2550, "prix_m2_median_appartement": 2620, "nb_ventes": 42, "evolution_prix_pct": null, "part_passoires_dpe_pct": 4.1, "fiabilite": "bonne", "url": "https://vendsmonbien.com/prix-immobilier/33-gironde/genissac/"}}, {"type": "Feature", "geometry": {"type": "Point", "coordinates": [0.0874, 44.7948]}, "properties": {"code_insee": "33186", "nom": "Gensac", "departement": "Gironde", "prix_m2_median": 1280, "prix_m2_median_maison": 1280, "prix_m2_median_appartement": null, "nb_ventes": 30, "evolution_prix_pct": null, "part_passoires_dpe_pct": 18.7, "fiabilite": "bonne", "url": "https://vendsmonbien.com/prix-immobilier/33-gironde/gensac/"}}, {"type": "Feature", "geometry": {"type": "Point", "coordinates": [-0.0909, 44.59]}, "properties": {"code_insee": "33187", "nom": "Gironde-sur-Dropt", "departement": "Gironde", "prix_m2_median": 1660, "prix_m2_median_maison": 1600, "prix_m2_median_appartement": 1730, "nb_ventes": 36, "evolution_prix_pct": null, "part_passoires_dpe_pct": 2.6, "fiabilite": "bonne", "url": "https://vendsmonbien.com/prix-immobilier/33-gironde/gironde-sur-dropt/"}}, {"type": "Feature", "geometry": {"type": "Point", "coordinates": [-0.6163, 44.7681]}, "properties": {"code_insee": "33192", "nom": "Gradignan", "departement": "Gironde", "prix_m2_median": 3600, "prix_m2_median_maison": 3800, "prix_m2_median_appartement": 3490, "nb_ventes": 865, "evolution_prix_pct": -5.4, "part_passoires_dpe_pct": 4.5, "fiabilite": "élevée", "url": "https://vendsmonbien.com/prix-immobilier/33-gironde/gradignan/"}}, {"type": "Feature", "geometry": {"type": "Point", "coordinates": [-1.1057, 45.4324]}, "properties": {"code_insee": "33193", "nom": "Grayan-et-l'Hôpital", "departement": "Gironde", "prix_m2_median": 2380, "prix_m2_median_maison": 2380, "prix_m2_median_appartement": null, "nb_ventes": 27, "evolution_prix_pct": null, "part_passoires_dpe_pct": null, "fiabilite": "indicative", "url": "https://vendsmonbien.com/prix-immobilier/33-gironde/grayan-et-lhopital/"}}, {"type": "Feature", "geometry": {"type": "Point", "coordinates": [-0.2152, 44.8147]}, "properties": {"code_insee": "33194", "nom": "Grézillac", "departement": "Gironde", "prix_m2_median": 1890, "prix_m2_median_maison": 1890, "prix_m2_median_appartement": null, "nb_ventes": 22, "evolution_prix_pct": null, "part_passoires_dpe_pct": null, "fiabilite": "indicative", "url": "https://vendsmonbien.com/prix-immobilier/33-gironde/grezillac/"}}, {"type": "Feature", "geometry": {"type": "Point", "coordinates": [-0.0281, 44.4085]}, "properties": {"code_insee": "33195", "nom": "Grignols", "departement": "Gironde", "prix_m2_median": 1490, "prix_m2_median_maison": 1440, "prix_m2_median_appartement": null, "nb_ventes": 32, "evolution_prix_pct": null, "part_passoires_dpe_pct": 6.8, "fiabilite": "bonne", "url": "https://vendsmonbien.com/prix-immobilier/33-gironde/grignols/"}}, {"type": "Feature", "geometry": {"type": "Point", "coordinates": [-0.1845, 45.0443]}, "properties": {"code_insee": "33198", "nom": "Guîtres", "departement": "Gironde", "prix_m2_median": 1600, "prix_m2_median_maison": 1690, "prix_m2_median_appartement": null, "nb_ventes": 52, "evolution_prix_pct": 18.9, "part_passoires_dpe_pct": 5.6, "fiabilite": "bonne", "url": "https://vendsmonbien.com/prix-immobilier/33-gironde/guitres/"}}, {"type": "Feature", "geometry": {"type": "Point", "coordinates": [-1.0813, 44.5758]}, "properties": {"code_insee": "33199", "nom": "Gujan-Mestras", "departement": "Gironde", "prix_m2_median": 4660, "prix_m2_median_maison": 4850, "prix_m2_median_appartement": 4240, "nb_ventes": 878, "evolution_prix_pct": -15.8, "part_passoires_dpe_pct": 3.4, "fiabilite": "élevée", "url": "https://vendsmonbien.com/prix-immobilier/33-gironde/gujan-mestras/"}}, {"type": "Feature", "geometry": {"type": "Point", "coordinates": [-0.3673, 44.7387]}, "properties": {"code_insee": "33201", "nom": "Haux", "departement": "Gironde", "prix_m2_median": 2250, "prix_m2_median_maison": 2250, "prix_m2_median_appartement": null, "nb_ventes": 16, "evolution_prix_pct": null, "part_passoires_dpe_pct": null, "fiabilite": "indicative", "url": "https://vendsmonbien.com/prix-immobilier/33-gironde/haux/"}}, {"type": "Feature", "geometry": {"type": "Point", "coordinates": [-0.6616, 44.4834]}, "properties": {"code_insee": "33202", "nom": "Hostens", "departement": "Gironde", "prix_m2_median": 2560, "prix_m2_median_maison": 2490, "prix_m2_median_appartement": null, "nb_ventes": 40, "evolution_prix_pct": 0.8, "part_passoires_dpe_pct": 7.3, "fiabilite": "bonne", "url": "https://vendsmonbien.com/prix-immobilier/33-gironde/hostens/"}}, {"type": "Feature", "geometry": {"type": "Point", "coordinates": [-1.0534, 45.1831]}, "properties": {"code_insee": "33203", "nom": "Hourtin", "departement": "Gironde", "prix_m2_median": 3460, "prix_m2_median_maison": 3540, "prix_m2_median_appartement": 2670, "nb_ventes": 269, "evolution_prix_pct": -8.0, "part_passoires_dpe_pct": 6.1, "fiabilite": "élevée", "url": "https://vendsmonbien.com/prix-immobilier/33-gironde/hourtin/"}}, {"type": "Feature", "geometry": {"type": "Point", "coordinates": [-0.3797, 44.6087]}, "properties": {"code_insee": "33205", "nom": "Illats", "departement": "Gironde", "prix_m2_median": 2220, "prix_m2_median_maison": 2220, "prix_m2_median_appartement": null, "nb_ventes": 29, "evolution_prix_pct": null, "part_passoires_dpe_pct": null, "fiabilite": "indicative", "url": "https://vendsmonbien.com/prix-immobilier/33-gironde/illats/"}}, {"type": "Feature", "geometry": {"type": "Point", "coordinates": [-0.4755, 44.7277]}, "properties": {"code_insee": "33206", "nom": "Isle-Saint-Georges", "departement": "Gironde", "prix_m2_median": 2560, "prix_m2_median_maison": 2560, "prix_m2_median_appartement": null, "nb_ventes": 16, "evolution_prix_pct": null, "part_passoires_dpe_pct": null, "fiabilite": "indicative", "url": "https://vendsmonbien.com/prix-immobilier/33-gironde/isle-saint-georges/"}}, {"type": "Feature", "geometry": {"type": "Point", "coordinates": [-0.3561, 44.9188]}, "properties": {"code_insee": "33207", "nom": "Izon", "departement": "Gironde", "prix_m2_median": 2650, "prix_m2_median_maison": 2670, "prix_m2_median_appartement": null, "nb_ventes": 124, "evolution_prix_pct": -15.6, "part_passoires_dpe_pct": 3.1, "fiabilite": "élevée", "url": "https://vendsmonbien.com/prix-immobilier/33-gironde/izon/"}}, {"type": "Feature", "geometry": {"type": "Point", "coordinates": [-0.9258, 45.4337]}, "properties": {"code_insee": "33208", "nom": "Jau-Dignac-et-Loirac", "departement": "Gironde", "prix_m2_median": 1920, "prix_m2_median_maison": 1920, "prix_m2_median_appartement": null, "nb_ventes": 20, "evolution_prix_pct": null, "part_passoires_dpe_pct": null, "fiabilite": "indicative", "url": "https://vendsmonbien.com/prix-immobilier/33-gironde/jau-dignac-et-loirac/"}}, {"type": "Feature", "geometry": {"type": "Point", "coordinates": [-0.5396, 44.6777]}, "properties": {"code_insee": "33213", "nom": "La Brède", "departement": "Gironde", "prix_m2_median": 3220, "prix_m2_median_maison": 3430, "prix_m2_median_appartement": 2690, "nb_ventes": 80, "evolution_prix_pct": -13.4, "part_passoires_dpe_pct": 5.7, "fiabilite": "bonne", "url": "https://vendsmonbien.com/prix-immobilier/33-gironde/la-brede/"}}, {"type": "Feature", "geometry": {"type": "Point", "coordinates": [-1.096, 44.9879]}, "properties": {"code_insee": "33214", "nom": "Lacanau", "departement": "Gironde", "prix_m2_median": 5290, "prix_m2_median_maison": 5380, "prix_m2_median_appartement": 5250, "nb_ventes": 698, "evolution_prix_pct": -1.7, "part_passoires_dpe_pct": 7.9, "fiabilite": "élevée", "url": "https://vendsmonbien.com/prix-immobilier/33-gironde/lacanau/"}}, {"type": "Feature", "geometry": {"type": "Point", "coordinates": [-0.1606, 45.0813]}, "properties": {"code_insee": "33218", "nom": "Lagorce", "departement": "Gironde", "prix_m2_median": 1330, "prix_m2_median_maison": 1330, "prix_m2_median_appartement": null, "nb_ventes": 29, "evolution_prix_pct": null, "part_passoires_dpe_pct": null, "fiabilite": "indicative", "url": "https://vendsmonbien.com/prix-immobilier/33-gironde/lagorce/"}}, {"type": "Feature", "geometry": {"type": "Point", "coordinates": [-0.3797, 44.9849]}, "properties": {"code_insee": "33219", "nom": "La Lande-de-Fronsac", "departement": "Gironde", "prix_m2_median": 2500, "prix_m2_median_maison": 2500, "prix_m2_median_appartement": 2500, "nb_ventes": 58, "evolution_prix_pct": 3.7, "part_passoires_dpe_pct": 3.9, "fiabilite": "bonne", "url": "https://vendsmonbien.com/prix-immobilier/33-gironde/la-lande-de-fronsac/"}}, {"type": "Feature", "geometry": {"type": "Point", "coordinates": [-0.718, 45.0961]}, "properties": {"code_insee": "33220", "nom": "Lamarque", "departement": "Gironde", "prix_m2_median": 2080, "prix_m2_median_maison": 2090, "prix_m2_median_appartement": null, "nb_ventes": 46, "evolution_prix_pct": -34.1, "part_passoires_dpe_pct": 6.6, "fiabilite": "bonne", "url": "https://vendsmonbien.com/prix-immobilier/33-gironde/lamarque/"}}, {"type": "Feature", "geometry": {"type": "Point", "coordinates": [0.0602, 44.5662]}, "properties": {"code_insee": "33221", "nom": "Lamothe-Landerron", "departement": "Gironde", "prix_m2_median": 1650, "prix_m2_median_maison": 1730, "prix_m2_median_appartement": null, "nb_ventes": 18, "evolution_prix_pct": null, "part_passoires_dpe_pct": null, "fiabilite": "indicative", "url": "https://vendsmonbien.com/prix-immobilier/33-gironde/lamothe-landerron/"}}, {"type": "Feature", "geometry": {"type": "Point", "coordinates": [-0.4333, 44.5696]}, "properties": {"code_insee": "33225", "nom": "Landiras", "departement": "Gironde", "prix_m2_median": 2210, "prix_m2_median_maison": 2210, "prix_m2_median_appartement": null, "nb_ventes": 54, "evolution_prix_pct": 8.2, "part_passoires_dpe_pct": 3.4, "fiabilite": "bonne", "url": "https://vendsmonbien.com/prix-immobilier/33-gironde/landiras/"}}, {"type": "Feature", "geometry": {"type": "Point", "coordinates": [-0.3734, 44.7071]}, "properties": {"code_insee": "33226", "nom": "Langoiran", "departement": "Gironde", "prix_m2_median": 2140, "prix_m2_median_maison": 2210, "prix_m2_median_appartement": 1990, "nb_ventes": 71, "evolution_prix_pct": -13.1, "part_passoires_dpe_pct": 9.8, "fiabilite": "bonne", "url": "https://vendsmonbien.com/prix-immobilier/33-gironde/langoiran/"}}, {"type": "Feature", "geometry": {"type": "Point", "coordinates": [-0.2422, 44.5355]}, "properties": {"code_insee": "33227", "nom": "Langon", "departement": "Gironde", "prix_m2_median": 2100, "prix_m2_median_maison": 2160, "prix_m2_median_appartement": 2040, "nb_ventes": 304, "evolution_prix_pct": -2.4, "part_passoires_dpe_pct": 4.0, "fiabilite": "élevée", "url": "https://vendsmonbien.com/prix-immobilier/33-gironde/langon/"}}, {"type": "Feature", "geometry": {"type": "Point", "coordinates": [-0.9799, 44.7719]}, "properties": {"code_insee": "33229", "nom": "Lanton", "departement": "Gironde", "prix_m2_median": 4340, "prix_m2_median_maison": 4680, "prix_m2_median_appartement": 4100, "nb_ventes": 289, "evolution_prix_pct": -13.3, "part_passoires_dpe_pct": 3.8, "fiabilite": "élevée", "url": "https://vendsmonbien.com/prix-immobilier/33-gironde/lanton/"}}, {"type": "Feature", "geometry": {"type": "Point", "coordinates": [-0.0447, 44.5869]}, "properties": {"code_insee": "33352", "nom": "La Réole", "departement": "Gironde", "prix_m2_median": 1570, "prix_m2_median_maison": 1560, "prix_m2_median_appartement": 1760, "nb_ventes": 96, "evolution_prix_pct": -2.5, "part_passoires_dpe_pct": 6.4, "fiabilite": "bonne", "url": "https://vendsmonbien.com/prix-immobilier/33-gironde/la-reole/"}}, {"type": "Feature", "geometry": {"type": "Point", "coordinates": [-0.3394, 45.1206]}, "properties": {"code_insee": "33233", "nom": "Laruscade", "departement": "Gironde", "prix_m2_median": 2100, "prix_m2_median_maison": 2140, "prix_m2_median_appartement": null, "nb_ventes": 42, "evolution_prix_pct": null, "part_passoires_dpe_pct": 4.2, "fiabilite": "bonne", "url": "https://vendsmonbien.com/prix-immobilier/33-gironde/laruscade/"}}, {"type": "Feature", "geometry": {"type": "Point", "coordinates": [-0.316, 44.7643]}, "properties": {"code_insee": "33505", "nom": "La Sauve", "departement": "Gironde", "prix_m2_median": 2470, "prix_m2_median_maison": 2460, "prix_m2_median_appartement": null, "nb_ventes": 31, "evolution_prix_pct": null, "part_passoires_dpe_pct": 7.7, "fiabilite": "bonne", "url": "https://vendsmonbien.com/prix-immobilier/33-gironde/la-sauve/"}}, {"type": "Feature", "geometry": {"type": "Point", "coordinates": [-1.1809, 44.586]}, "properties": {"code_insee": "33529", "nom": "La Teste-de-Buch", "departement": "Gironde", "prix_m2_median": 5070, "prix_m2_median_maison": 5240, "prix_m2_median_appartement": 4880, "nb_ventes": 1179, "evolution_prix_pct": -8.6, "part_passoires_dpe_pct": 4.6, "fiabilite": "élevée", "url": "https://vendsmonbien.com/prix-immobilier/33-gironde/la-teste-de-buch/"}}, {"type": "Feature", "geometry": {"type": "Point", "coordinates": [-0.4981, 44.7901]}, "properties": {"code_insee": "33234", "nom": "Latresne", "departement": "Gironde", "prix_m2_median": 3510, "prix_m2_median_maison": 3570, "prix_m2_median_appartement": 3360, "nb_ventes": 79, "evolution_prix_pct": -15.2, "part_passoires_dpe_pct": 5.2, "fiabilite": "bonne", "url": "https://vendsmonbien.com/prix-immobilier/33-gironde/latresne/"}}, {"type": "Feature", "geometry": {"type": "Point", "coordinates": [-0.7437, 44.6297]}, "properties": {"code_insee": "33029", "nom": "Le Barp", "departement": "Gironde", "prix_m2_median": 3400, "prix_m2_median_maison": 3460, "prix_m2_median_appartement": 3370, "nb_ventes": 128, "evolution_prix_pct": -10.9, "part_passoires_dpe_pct": 2.7, "fiabilite": "élevée", "url": "https://vendsmonbien.com/prix-immobilier/33-gironde/le-barp/"}}, {"type": "Feature", "geometry": {"type": "Point", "coordinates": [-0.6033, 44.865]}, "properties": {"code_insee": "33069", "nom": "Le Bouscat", "departement": "Gironde", "prix_m2_median": 4360, "prix_m2_median_maison": 5120, "prix_m2_median_appartement": 3850, "nb_ventes": 1088, "evolution_prix_pct": -10.1, "part_passoires_dpe_pct": 4.4, "fiabilite": "élevée", "url": "https://vendsmonbien.com/prix-immobilier/33-gironde/le-bouscat/"}}, {"type": "Feature", "geometry": {"type": "Point", "coordinates": [-1.174, 44.7452]}, "properties": {"code_insee": "33236", "nom": "Lège-Cap-Ferret", "departement": "Gironde", "prix_m2_median": 9280, "prix_m2_median_maison": 9180, "prix_m2_median_appartement": 9800, "nb_ventes": 408, "evolution_prix_pct": -19.8, "part_passoires_dpe_pct": 12.8, "fiabilite": "élevée", "url": "https://vendsmonbien.com/prix-immobilier/33-gironde/lege-cap-ferret/"}}, {"type": "Feature", "geometry": {"type": "Point", "coordinates": [-0.6903, 44.8713]}, "properties": {"code_insee": "33200", "nom": "Le Haillan", "departement": "Gironde", "prix_m2_median": 3610, "prix_m2_median_maison": 3750, "prix_m2_median_appartement": 3500, "nb_ventes": 482, "evolution_prix_pct": -5.8, "part_passoires_dpe_pct": 0.8, "fiabilite": "élevée", "url": "https://vendsmonbien.com/prix-immobilier/33-gironde/le-haillan/"}}, {"type": "Feature", "geometry": {"type": "Point", "coordinates": [-0.3648, 44.5053]}, "properties": {"code_insee": "33237", "nom": "Léogeats", "departement": "Gironde", "prix_m2_median": 2290, "prix_m2_median_maison": 2290, "prix_m2_median_appartement": null, "nb_ventes": 20, "evolution_prix_pct": null, "part_passoires_dpe_pct": null, "fiabilite": "indicative", "url": "https://vendsmonbien.com/prix-immobilier/33-gironde/leogeats/"}}, {"type": "Feature", "geometry": {"type": "Point", "coordinates": [-0.6172, 44.7236]}, "properties": {"code_insee": "33238", "nom": "Léognan", "departement": "Gironde", "prix_m2_median": 3520, "prix_m2_median_maison": 3550, "prix_m2_median_appartement": 3310, "nb_ventes": 230, "evolution_prix_pct": -11.5, "part_passoires_dpe_pct": 2.8, "fiabilite": "élevée", "url": "https://vendsmonbien.com/prix-immobilier/33-gironde/leognan/"}}, {"type": "Feature", "geometry": {"type": "Point", "coordinates": [-0.6737, 44.9555]}, "properties": {"code_insee": "33322", "nom": "Le Pian-Médoc", "departement": "Gironde", "prix_m2_median": 3490, "prix_m2_median_maison": 3470, "prix_m2_median_appartement": 3770, "nb_ventes": 132, "evolution_prix_pct": -5.2, "part_passoires_dpe_pct": 2.3, "fiabilite": "élevée", "url": "https://vendsmonbien.com/prix-immobilier/33-gironde/le-pian-medoc/"}}, {"type": "Feature", "geometry": {"type": "Point", "coordinates": [-1.1351, 44.8649]}, "properties": {"code_insee": "33333", "nom": "Le Porge", "departement": "Gironde", "prix_m2_median": 4080, "prix_m2_median_maison": 4080, "prix_m2_median_appartement": null, "nb_ventes": 60, "evolution_prix_pct": -3.7, "part_passoires_dpe_pct": 7.8, "fiabilite": "bonne", "url": "https://vendsmonbien.com/prix-immobilier/33-gironde/le-porge/"}}, {"type": "Feature", "geometry": {"type": "Point", "coordinates": [-0.1427, 44.9735]}, "properties": {"code_insee": "33014", "nom": "Les Artigues-de-Lussac", "departement": "Gironde", "prix_m2_median": 2060, "prix_m2_median_maison": 2060, "prix_m2_median_appartement": null, "nb_ventes": 21, "evolution_prix_pct": null, "part_passoires_dpe_pct": null, "fiabilite": "indicative", "url": "https://vendsmonbien.com/prix-immobilier/33-gironde/les-artigues-de-lussac/"}}, {"type": "Feature", "geometry": {"type": "Point", "coordinates": [-0.2421, 44.9612]}, "properties": {"code_insee": "33052", "nom": "Les Billaux", "departement": "Gironde", "prix_m2_median": 2100, "prix_m2_median_maison": 2110, "prix_m2_median_appartement": 2080, "nb_ventes": 24, "evolution_prix_pct": null, "part_passoires_dpe_pct": null, "fiabilite": "indicative", "url": "https://vendsmonbien.com/prix-immobilier/33-gironde/les-billaux/"}}, {"type": "Feature", "geometry": {"type": "Point", "coordinates": [-0.0389, 45.0946]}, "properties": {"code_insee": "33154", "nom": "Les Églisottes-et-Chalaures", "departement": "Gironde", "prix_m2_median": 1400, "prix_m2_median_maison": 1450, "prix_m2_median_appartement": null, "nb_ventes": 46, "evolution_prix_pct": null, "part_passoires_dpe_pct": 10.2, "fiabilite": "bonne", "url": "https://vendsmonbien.com/prix-immobilier/33-gironde/les-eglisottes-et-chalaures/"}}, {"type": "Feature", "geometry": {"type": "Point", "coordinates": [-0.9235, 45.2796]}, "properties": {"code_insee": "33240", "nom": "Lesparre-Médoc", "departement": "Gironde", "prix_m2_median": 1900, "prix_m2_median_maison": 1860, "prix_m2_median_appartement": 1980, "nb_ventes": 174, "evolution_prix_pct": 8.6, "part_passoires_dpe_pct": 6.2, "fiabilite": "élevée", "url": "https://vendsmonbien.com/prix-immobilier/33-gironde/lesparre-medoc/"}}, {"type": "Feature", "geometry": {"type": "Point", "coordinates": [-0.0922, 45.0639]}, "properties": {"code_insee": "33315", "nom": "Les Peintures", "departement": "Gironde", "prix_m2_median": 1750, "prix_m2_median_maison": 1750, "prix_m2_median_appartement": null, "nb_ventes": 28, "evolution_prix_pct": null, "part_passoires_dpe_pct": null, "fiabilite": "indicative", "url": "https://vendsmonbien.com/prix-immobilier/33-gironde/les-peintures/"}}, {"type": "Feature", "geometry": {"type": "Point", "coordinates": [-0.3816, 44.6929]}, "properties": {"code_insee": "33241", "nom": "Lestiac-sur-Garonne", "departement": "Gironde", "prix_m2_median": 2150, "prix_m2_median_maison": 2150, "prix_m2_median_appartement": null, "nb_ventes": 21, "evolution_prix_pct": null, "part_passoires_dpe_pct": null, "fiabilite": "indicative", "url": "https://vendsmonbien.com/prix-immobilier/33-gironde/lestiac-sur-garonne/"}}, {"type": "Feature", "geometry": {"type": "Point", "coordinates": [-0.6785, 44.9123]}, "properties": {"code_insee": "33519", "nom": "Le Taillan-Médoc", "departement": "Gironde", "prix_m2_median": 3540, "prix_m2_median_maison": 3530, "prix_m2_median_appartement": 3580, "nb_ventes": 303, "evolution_prix_pct": -7.0, "part_passoires_dpe_pct": 1.5, "fiabilite": "élevée", "url": "https://vendsmonbien.com/prix-immobilier/33-gironde/le-taillan-medoc/"}}, {"type": "Feature", "geometry": {"type": "Point", "coordinates": [-1.0234, 44.5805]}, "properties": {"code_insee": "33527", "nom": "Le Teich", "departement": "Gironde", "prix_m2_median": 4160, "prix_m2_median_maison": 4390, "prix_m2_median_appartement": 3900, "nb_ventes": 299, "evolution_prix_pct": -13.1, "part_passoires_dpe_pct": 2.3, "fiabilite": "élevée", "url": "https://vendsmonbien.com/prix-immobilier/33-gironde/le-teich/"}}, {"type": "Feature", "geometry": {"type": "Point", "coordinates": [-0.3974, 44.7182]}, "properties": {"code_insee": "33534", "nom": "Le Tourne", "departement": "Gironde", "prix_m2_median": 2160, "prix_m2_median_maison": 2160, "prix_m2_median_appartement": null, "nb_ventes": 22, "evolution_prix_pct": null, "part_passoires_dpe_pct": null, "fiabilite": "indicative", "url": "https://vendsmonbien.com/prix-immobilier/33-gironde/le-tourne/"}}, {"type": "Feature", "geometry": {"type": "Point", "coordinates": [-1.0826, 45.5481]}, "properties": {"code_insee": "33544", "nom": "Le Verdon-sur-Mer", "departement": "Gironde", "prix_m2_median": 2450, "prix_m2_median_maison": 2670, "prix_m2_median_appartement": 2370, "nb_ventes": 147, "evolution_prix_pct": 0.4, "part_passoires_dpe_pct": 9.0, "fiabilite": "élevée", "url": "https://vendsmonbien.com/prix-immobilier/33-gironde/le-verdon-sur-mer/"}}, {"type": "Feature", "geometry": {"type": "Point", "coordinates": [-0.2328, 44.9125]}, "properties": {"code_insee": "33243", "nom": "Libourne", "departement": "Gironde", "prix_m2_median": 2450, "prix_m2_median_maison": 2600, "prix_m2_median_appartement": 2350, "nb_ventes": 1005, "evolution_prix_pct": -9.2, "part_passoires_dpe_pct": 5.9, "fiabilite": "élevée", "url": "https://vendsmonbien.com/prix-immobilier/33-gironde/libourne/"}}, {"type": "Feature", "geometry": {"type": "Point", "coordinates": [-0.827, 45.0699]}, "properties": {"code_insee": "33248", "nom": "Listrac-Médoc", "departement": "Gironde", "prix_m2_median": 2380, "prix_m2_median_maison": 2400, "prix_m2_median_appartement": null, "nb_ventes": 64, "evolution_prix_pct": -11.6, "part_passoires_dpe_pct": 4.5, "fiabilite": "bonne", "url": "https://vendsmonbien.com/prix-immobilier/33-gironde/listrac-medoc/"}}, {"type": "Feature", "geometry": {"type": "Point", "coordinates": [-0.5176, 44.8749]}, "properties": {"code_insee": "33249", "nom": "Lormont", "departement": "Gironde", "prix_m2_median": 2670, "prix_m2_median_maison": 3140, "prix_m2_median_appartement": 2500, "nb_ventes": 594, "evolution_prix_pct": -10.1, "part_passoires_dpe_pct": 7.0, "fiabilite": "élevée", "url": "https://vendsmonbien.com/prix-immobilier/33-gironde/lormont/"}}, {"type": "Feature", "geometry": {"type": "Point", "coordinates": [-0.2856, 44.6258]}, "properties": {"code_insee": "33253", "nom": "Loupiac", "departement": "Gironde", "prix_m2_median": 2490, "prix_m2_median_maison": 2490, "prix_m2_median_appartement": null, "nb_ventes": 16, "evolution_prix_pct": null, "part_passoires_dpe_pct": null, "fiabilite": "indicative", "url": "https://vendsmonbien.com/prix-immobilier/33-gironde/loupiac/"}}, {"type": "Feature", "geometry": {"type": "Point", "coordinates": [-0.5903, 44.9814]}, "properties": {"code_insee": "33256", "nom": "Ludon-Médoc", "departement": "Gironde", "prix_m2_median": 3090, "prix_m2_median_maison": 3190, "prix_m2_median_appartement": 2750, "nb_ventes": 137, "evolution_prix_pct": -9.5, "part_passoires_dpe_pct": 3.0, "fiabilite": "élevée", "url": "https://vendsmonbien.com/prix-immobilier/33-gironde/ludon-medoc/"}}, {"type": "Feature", "geometry": {"type": "Point", "coordinates": [-0.3586, 44.9546]}, "properties": {"code_insee": "33259", "nom": "Lugon-et-l'Île-du-Carnay", "departement": "Gironde", "prix_m2_median": 2250, "prix_m2_median_maison": 2250, "prix_m2_median_appartement": null, "nb_ventes": 38, "evolution_prix_pct": null, "part_passoires_dpe_pct": 7.0, "fiabilite": "bonne", "url": "https://vendsmonbien.com/prix-immobilier/33-gironde/lugon-et-lile-du-carnay/"}}, {"type": "Feature", "geometry": {"type": "Point", "coordinates": [-0.9241, 44.4782]}, "properties": {"code_insee": "33260", "nom": "Lugos", "departement": "Gironde", "prix_m2_median": 2820, "prix_m2_median_maison": 2820, "prix_m2_median_appartement": null, "nb_ventes": 15, "evolution_prix_pct": null, "part_passoires_dpe_pct": null, "fiabilite": "indicative", "url": "https://vendsmonbien.com/prix-immobilier/33-gironde/lugos/"}}, {"type": "Feature", "geometry": {"type": "Point", "coordinates": [-0.0878, 44.9683]}, "properties": {"code_insee": "33261", "nom": "Lussac", "departement": "Gironde", "prix_m2_median": 1700, "prix_m2_median_maison": 1700, "prix_m2_median_appartement": null, "nb_ventes": 20, "evolution_prix_pct": null, "part_passoires_dpe_pct": null, "fiabilite": "indicative", "url": "https://vendsmonbien.com/prix-immobilier/33-gironde/lussac/"}}, {"type": "Feature", "geometry": {"type": "Point", "coordinates": [-0.6086, 45.0112]}, "properties": {"code_insee": "33262", "nom": "Macau", "departement": "Gironde", "prix_m2_median": 2890, "prix_m2_median_maison": 2900, "prix_m2_median_appartement": 2180, "nb_ventes": 121, "evolution_prix_pct": -17.2, "part_passoires_dpe_pct": 4.8, "fiabilite": "élevée", "url": "https://vendsmonbien.com/prix-immobilier/33-gironde/macau/"}}, {"type": "Feature", "geometry": {"type": "Point", "coordinates": [-0.26, 45.0748]}, "properties": {"code_insee": "33264", "nom": "Maransin", "departement": "Gironde", "prix_m2_median": 1700, "prix_m2_median_maison": 1700, "prix_m2_median_appartement": null, "nb_ventes": 16, "evolution_prix_pct": null, "part_passoires_dpe_pct": null, "fiabilite": "indicative", "url": "https://vendsmonbien.com/prix-immobilier/33-gironde/maransin/"}}, {"type": "Feature", "geometry": {"type": "Point", "coordinates": [-0.8557, 44.7033]}, "properties": {"code_insee": "33555", "nom": "Marcheprime", "departement": "Gironde", "prix_m2_median": 3510, "prix_m2_median_maison": 3520, "prix_m2_median_appartement": 3510, "nb_ventes": 119, "evolution_prix_pct": -5.5, "part_passoires_dpe_pct": 1.4, "fiabilite": "élevée", "url": "https://vendsmonbien.com/prix-immobilier/33-gironde/marcheprime/"}}, {"type": "Feature", "geometry": {"type": "Point", "coordinates": [-0.6788, 45.0363]}, "properties": {"code_insee": "33268", "nom": "Margaux-Cantenac", "departement": "Gironde", "prix_m2_median": 2490, "prix_m2_median_maison": 2460, "prix_m2_median_appartement": null, "nb_ventes": 94, "evolution_prix_pct": -9.1, "part_passoires_dpe_pct": 5.8, "fiabilite": "bonne", "url": "https://vendsmonbien.com/prix-immobilier/33-gironde/margaux-cantenac/"}}, {"type": "Feature", "geometry": {"type": "Point", "coordinates": [-0.3769, 45.0628]}, "properties": {"code_insee": "33272", "nom": "Marsas", "departement": "Gironde", "prix_m2_median": 2170, "prix_m2_median_maison": 2170, "prix_m2_median_appartement": null, "nb_ventes": 17, "evolution_prix_pct": null, "part_passoires_dpe_pct": null, "fiabilite": "indicative", "url": "https://vendsmonbien.com/prix-immobilier/33-gironde/marsas/"}}, {"type": "Feature", "geometry": {"type": "Point", "coordinates": [-0.8006, 44.8451]}, "properties": {"code_insee": "33273", "nom": "Martignas-sur-Jalle", "departement": "Gironde", "prix_m2_median": 3750, "prix_m2_median_maison": 3830, "prix_m2_median_appartement": 3560, "nb_ventes": 212, "evolution_prix_pct": -10.7, "part_passoires_dpe_pct": 1.2, "fiabilite": "élevée", "url": "https://vendsmonbien.com/prix-immobilier/33-gironde/martignas-sur-jalle/"}}, {"type": "Feature", "geometry": {"type": "Point", "coordinates": [-0.558, 44.7176]}, "properties": {"code_insee": "33274", "nom": "Martillac", "departement": "Gironde", "prix_m2_median": 3570, "prix_m2_median_maison": 3600, "prix_m2_median_appartement": 3020, "nb_ventes": 56, "evolution_prix_pct": -4.4, "part_passoires_dpe_pct": 2.6, "fiabilite": "bonne", "url": "https://vendsmonbien.com/prix-immobilier/33-gironde/martillac/"}}, {"type": "Feature", "geometry": {"type": "Point", "coordinates": [-0.251, 44.5023]}, "properties": {"code_insee": "33279", "nom": "Mazères", "departement": "Gironde", "prix_m2_median": 2000, "prix_m2_median_maison": 2000, "prix_m2_median_appartement": null, "nb_ventes": 15, "evolution_prix_pct": null, "part_passoires_dpe_pct": null, "fiabilite": "indicative", "url": "https://vendsmonbien.com/prix-immobilier/33-gironde/mazeres/"}}, {"type": "Feature", "geometry": {"type": "Point", "coordinates": [-0.682, 44.8313]}, "properties": {"code_insee": "33281", "nom": "Mérignac", "departement": "Gironde", "prix_m2_median": 3680, "prix_m2_median_maison": 4200, "prix_m2_median_appartement": 3490, "nb_ventes": 2922, "evolution_prix_pct": -6.5, "part_passoires_dpe_pct": 3.1, "fiabilite": "élevée", "url": "https://vendsmonbien.com/prix-immobilier/33-gironde/merignac/"}}, {"type": "Feature", "geometry": {"type": "Point", "coordinates": [-0.8913, 44.6105]}, "properties": {"code_insee": "33284", "nom": "Mios", "departement": "Gironde", "prix_m2_median": 3850, "prix_m2_median_maison": 3860, "prix_m2_median_appartement": 3720, "nb_ventes": 245, "evolution_prix_pct": -11.1, "part_passoires_dpe_pct": 2.5, "fiabilite": "élevée", "url": "https://vendsmonbien.com/prix-immobilier/33-gironde/mios/"}}, {"type": "Feature", "geometry": {"type": "Point", "coordinates": [-0.5471, 45.0778]}, "properties": {"code_insee": "33285", "nom": "Mombrier", "departement": "Gironde", "prix_m2_median": 1810, "prix_m2_median_maison": 1810, "prix_m2_median_appartement": null, "nb_ventes": 20, "evolution_prix_pct": null, "part_passoires_dpe_pct": null, "fiabilite": "indicative", "url": "https://vendsmonbien.com/prix-immobilier/33-gironde/mombrier/"}}, {"type": "Feature", "geometry": {"type": "Point", "coordinates": [0.0861, 44.647]}, "properties": {"code_insee": "33289", "nom": "Monségur", "departement": "Gironde", "prix_m2_median": 1480, "prix_m2_median_maison": 1440, "prix_m2_median_appartement": null, "nb_ventes": 56, "evolution_prix_pct": -17.9, "part_passoires_dpe_pct": 7.4, "fiabilite": "bonne", "url": "https://vendsmonbien.com/prix-immobilier/33-gironde/monsegur/"}}, {"type": "Feature", "geometry": {"type": "Point", "coordinates": [-0.1304, 44.9324]}, "properties": {"code_insee": "33290", "nom": "Montagne", "departement": "Gironde", "prix_m2_median": 2380, "prix_m2_median_maison": 2370, "prix_m2_median_appartement": null, "nb_ventes": 35, "evolution_prix_pct": null, "part_passoires_dpe_pct": 9.8, "fiabilite": "bonne", "url": "https://vendsmonbien.com/prix-immobilier/33-gironde/montagne/"}}, {"type": "Feature", "geometry": {"type": "Point", "coordinates": [-0.4294, 44.8843]}, "properties": {"code_insee": "33293", "nom": "Montussan", "departement": "Gironde", "prix_m2_median": 2970, "prix_m2_median_maison": 2860, "prix_m2_median_appartement": 3020, "nb_ventes": 94, "evolution_prix_pct": -4.2, "part_passoires_dpe_pct": 2.9, "fiabilite": "bonne", "url": "https://vendsmonbien.com/prix-immobilier/33-gironde/montussan/"}}, {"type": "Feature", "geometry": {"type": "Point", "coordinates": [-0.0223, 44.8311]}, "properties": {"code_insee": "33296", "nom": "Mouliets-et-Villemartin", "departement": "Gironde", "prix_m2_median": 1510, "prix_m2_median_maison": 1510, "prix_m2_median_appartement": null, "nb_ventes": 18, "evolution_prix_pct": null, "part_passoires_dpe_pct": null, "fiabilite": "indicative", "url": "https://vendsmonbien.com/prix-immobilier/33-gironde/mouliets-et-villemartin/"}}, {"type": "Feature", "geometry": {"type": "Point", "coordinates": [-0.7971, 45.0531]}, "properties": {"code_insee": "33297", "nom": "Moulis-en-Médoc", "departement": "Gironde", "prix_m2_median": 2250, "prix_m2_median_maison": 2250, "prix_m2_median_appartement": null, "nb_ventes": 53, "evolution_prix_pct": -19.5, "part_passoires_dpe_pct": 7.4, "fiabilite": "bonne", "url": "https://vendsmonbien.com/prix-immobilier/33-gironde/moulis-en-medoc/"}}, {"type": "Feature", "geometry": {"type": "Point", "coordinates": [-0.2207, 44.8616]}, "properties": {"code_insee": "33298", "nom": "Moulon", "departement": "Gironde", "prix_m2_median": 2500, "prix_m2_median_maison": 2500, "prix_m2_median_appartement": 2510, "nb_ventes": 41, "evolution_prix_pct": null, "part_passoires_dpe_pct": 9.4, "fiabilite": "bonne", "url": "https://vendsmonbien.com/prix-immobilier/33-gironde/moulon/"}}, {"type": "Feature", "geometry": {"type": "Point", "coordinates": [-1.0643, 45.2596]}, "properties": {"code_insee": "33300", "nom": "Naujac-sur-Mer", "departement": "Gironde", "prix_m2_median": 2780, "prix_m2_median_maison": 2780, "prix_m2_median_appartement": null, "nb_ventes": 22, "evolution_prix_pct": null, "part_passoires_dpe_pct": null, "fiabilite": "indicative", "url": "https://vendsmonbien.com/prix-immobilier/33-gironde/naujac-sur-mer/"}}, {"type": "Feature", "geometry": {"type": "Point", "coordinates": [-0.3698, 44.4812]}, "properties": {"code_insee": "33307", "nom": "Noaillan", "departement": "Gironde", "prix_m2_median": 2070, "prix_m2_median_maison": 2070, "prix_m2_median_appartement": null, "nb_ventes": 39, "evolution_prix_pct": null, "part_passoires_dpe_pct": 5.6, "fiabilite": "bonne", "url": "https://vendsmonbien.com/prix-immobilier/33-gironde/noaillan/"}}, {"type": "Feature", "geometry": {"type": "Point", "coordinates": [-0.3609, 44.6864]}, "properties": {"code_insee": "33311", "nom": "Paillet", "departement": "Gironde", "prix_m2_median": 2050, "prix_m2_median_maison": 1930, "prix_m2_median_appartement": 2180, "nb_ventes": 40, "evolution_prix_pct": null, "part_passoires_dpe_pct": 9.0, "fiabilite": "bonne", "url": "https://vendsmonbien.com/prix-immobilier/33-gironde/paillet/"}}, {"type": "Feature", "geometry": {"type": "Point", "coordinates": [-0.5844, 44.9548]}, "properties": {"code_insee": "33312", "nom": "Parempuyre", "departement": "Gironde", "prix_m2_median": 3370, "prix_m2_median_maison": 3340, "prix_m2_median_appartement": 3480, "nb_ventes": 311, "evolution_prix_pct": -5.9, "part_passoires_dpe_pct": 1.4, "fiabilite": "élevée", "url": "https://vendsmonbien.com/prix-immobilier/33-gironde/parempuyre/"}}, {"type": "Feature", "geometry": {"type": "Point", "coordinates": [-0.755, 45.1983]}, "properties": {"code_insee": "33314", "nom": "Pauillac", "departement": "Gironde", "prix_m2_median": 1620, "prix_m2_median_maison": 1680, "prix_m2_median_appartement": 1320, "nb_ventes": 142, "evolution_prix_pct": -5.6, "part_passoires_dpe_pct": 7.6, "fiabilite": "élevée", "url": "https://vendsmonbien.com/prix-immobilier/33-gironde/pauillac/"}}, {"type": "Feature", "geometry": {"type": "Point", "coordinates": [0.0864, 44.7403]}, "properties": {"code_insee": "33316", "nom": "Pellegrue", "departement": "Gironde", "prix_m2_median": 1330, "prix_m2_median_maison": 1330, "prix_m2_median_appartement": null, "nb_ventes": 17, "evolution_prix_pct": null, "part_passoires_dpe_pct": null, "fiabilite": "indicative", "url": "https://vendsmonbien.com/prix-immobilier/33-gironde/pellegrue/"}}, {"type": "Feature", "geometry": {"type": "Point", "coordinates": [-0.3135, 45.0256]}, "properties": {"code_insee": "33317", "nom": "Périssac", "departement": "Gironde", "prix_m2_median": 2120, "prix_m2_median_maison": 2120, "prix_m2_median_appartement": null, "nb_ventes": 29, "evolution_prix_pct": null, "part_passoires_dpe_pct": null, "fiabilite": "indicative", "url": "https://vendsmonbien.com/prix-immobilier/33-gironde/perissac/"}}, {"type": "Feature", "geometry": {"type": "Point", "coordinates": [-0.681, 44.786]}, "properties": {"code_insee": "33318", "nom": "Pessac", "departement": "Gironde", "prix_m2_median": 3760, "prix_m2_median_maison": 4000, "prix_m2_median_appartement": 3520, "nb_ventes": 1783, "evolution_prix_pct": -9.2, "part_passoires_dpe_pct": 2.9, "fiabilite": "élevée", "url": "https://vendsmonbien.com/prix-immobilier/33-gironde/pessac/"}}, {"type": "Feature", "geometry": {"type": "Point", "coordinates": [-0.053, 44.9823]}, "properties": {"code_insee": "33320", "nom": "Petit-Palais-et-Cornemps", "departement": "Gironde", "prix_m2_median": 1750, "prix_m2_median_maison": 1750, "prix_m2_median_appartement": null, "nb_ventes": 18, "evolution_prix_pct": null, "part_passoires_dpe_pct": null, "fiabilite": "indicative", "url": "https://vendsmonbien.com/prix-immobilier/33-gironde/petit-palais-et-cornemps/"}}, {"type": "Feature", "geometry": {"type": "Point", "coordinates": [-0.4313, 45.0472]}, "properties": {"code_insee": "33321", "nom": "Peujard", "departement": "Gironde", "prix_m2_median": 2440, "prix_m2_median_maison": 2440, "prix_m2_median_appartement": null, "nb_ventes": 46, "evolution_prix_pct": 17.5, "part_passoires_dpe_pct": 4.0, "fiabilite": "bonne", "url": "https://vendsmonbien.com/prix-immobilier/33-gironde/peujard/"}}, {"type": "Feature", "geometry": {"type": "Point", "coordinates": [0.2284, 44.8242]}, "properties": {"code_insee": "33324", "nom": "Pineuilh", "departement": "Gironde", "prix_m2_median": 1360, "prix_m2_median_maison": 1580, "prix_m2_median_appartement": 1240, "nb_ventes": 184, "evolution_prix_pct": 8.9, "part_passoires_dpe_pct": 7.0, "fiabilite": "élevée", "url": "https://vendsmonbien.com/prix-immobilier/33-gironde/pineuilh/"}}, {"type": "Feature", "geometry": {"type": "Point", "coordinates": [-0.645, 45.093]}, "properties": {"code_insee": "33325", "nom": "Plassac", "departement": "Gironde", "prix_m2_median": 1920, "prix_m2_median_maison": 1920, "prix_m2_median_appartement": null, "nb_ventes": 21, "evolution_prix_pct": null, "part_passoires_dpe_pct": null, "fiabilite": "indicative", "url": "https://vendsmonbien.com/prix-immobilier/33-gironde/plassac/"}}, {"type": "Feature", "geometry": {"type": "Point", "coordinates": [-0.3576, 44.6479]}, "properties": {"code_insee": "33327", "nom": "Podensac", "departement": "Gironde", "prix_m2_median": 2480, "prix_m2_median_maison": 2500, "prix_m2_median_appartement": null, "nb_ventes": 70, "evolution_prix_pct": -15.4, "part_passoires_dpe_pct": 5.6, "fiabilite": "bonne", "url": "https://vendsmonbien.com/prix-immobilier/33-gironde/podensac/"}}, {"type": "Feature", "geometry": {"type": "Point", "coordinates": [-0.2019, 44.9306]}, "properties": {"code_insee": "33328", "nom": "Pomerol", "departement": "Gironde", "prix_m2_median": 1310, "prix_m2_median_maison": 1310, "prix_m2_median_appartement": null, "nb_ventes": 15, "evolution_prix_pct": null, "part_passoires_dpe_pct": null, "fiabilite": "indicative", "url": "https://vendsmonbien.com/prix-immobilier/33-gironde/pomerol/"}}, {"type": "Feature", "geometry": {"type": "Point", "coordinates": [-0.4347, 44.8527]}, "properties": {"code_insee": "33330", "nom": "Pompignac", "departement": "Gironde", "prix_m2_median": 3120, "prix_m2_median_maison": 3130, "prix_m2_median_appartement": 3120, "nb_ventes": 59, "evolution_prix_pct": -2.5, "part_passoires_dpe_pct": 2.9, "fiabilite": "bonne", "url": "https://vendsmonbien.com/prix-immobilier/33-gironde/pompignac/"}}, {"type": "Feature", "geometry": {"type": "Point", "coordinates": [-0.4263, 44.6783]}, "properties": {"code_insee": "33334", "nom": "Portets", "departement": "Gironde", "prix_m2_median": 2550, "prix_m2_median_maison": 2500, "prix_m2_median_appartement": 2920, "nb_ventes": 85, "evolution_prix_pct": -7.3, "part_passoires_dpe_pct": 5.4, "fiabilite": "bonne", "url": "https://vendsmonbien.com/prix-immobilier/33-gironde/portets/"}}, {"type": "Feature", "geometry": {"type": "Point", "coordinates": [-0.3715, 44.3859]}, "properties": {"code_insee": "33336", "nom": "Préchac", "departement": "Gironde", "prix_m2_median": 1420, "prix_m2_median_maison": 1440, "prix_m2_median_appartement": null, "nb_ventes": 30, "evolution_prix_pct": null, "part_passoires_dpe_pct": 10.9, "fiabilite": "bonne", "url": "https://vendsmonbien.com/prix-immobilier/33-gironde/prechac/"}}, {"type": "Feature", "geometry": {"type": "Point", "coordinates": [-0.3106, 44.5719]}, "properties": {"code_insee": "33337", "nom": "Preignac", "departement": "Gironde", "prix_m2_median": 1700, "prix_m2_median_maison": 1710, "prix_m2_median_appartement": 1550, "nb_ventes": 72, "evolution_prix_pct": -4.4, "part_passoires_dpe_pct": 13.9, "fiabilite": "bonne", "url": "https://vendsmonbien.com/prix-immobilier/33-gironde/preignac/"}}, {"type": "Feature", "geometry": {"type": "Point", "coordinates": [-0.4991, 45.0279]}, "properties": {"code_insee": "33339", "nom": "Prignac-et-Marcamps", "departement": "Gironde", "prix_m2_median": 2360, "prix_m2_median_maison": 2480, "prix_m2_median_appartement": null, "nb_ventes": 26, "evolution_prix_pct": null, "part_passoires_dpe_pct": null, "fiabilite": "indicative", "url": "https://vendsmonbien.com/prix-immobilier/33-gironde/prignac-et-marcamps/"}}, {"type": "Feature", "geometry": {"type": "Point", "coordinates": [-0.5003, 45.0825]}, "properties": {"code_insee": "33341", "nom": "Pugnac", "departement": "Gironde", "prix_m2_median": 1930, "prix_m2_median_maison": 1910, "prix_m2_median_appartement": null, "nb_ventes": 38, "evolution_prix_pct": null, "part_passoires_dpe_pct": 3.4, "fiabilite": "bonne", "url": "https://vendsmonbien.com/prix-immobilier/33-gironde/pugnac/"}}, {"type": "Feature", "geometry": {"type": "Point", "coordinates": [-0.0631, 44.9305]}, "properties": {"code_insee": "33342", "nom": "Puisseguin", "departement": "Gironde", "prix_m2_median": 1780, "prix_m2_median_maison": 1780, "prix_m2_median_appartement": null, "nb_ventes": 22, "evolution_prix_pct": null, "part_passoires_dpe_pct": null, "fiabilite": "indicative", "url": "https://vendsmonbien.com/prix-immobilier/33-gironde/puisseguin/"}}, {"type": "Feature", "geometry": {"type": "Point", "coordinates": [-0.3488, 44.5685]}, "properties": {"code_insee": "33343", "nom": "Pujols-sur-Ciron", "departement": "Gironde", "prix_m2_median": 2280, "prix_m2_median_maison": 2280, "prix_m2_median_appartement": null, "nb_ventes": 23, "evolution_prix_pct": null, "part_passoires_dpe_pct": null, "fiabilite": "indicative", "url": "https://vendsmonbien.com/prix-immobilier/33-gironde/pujols-sur-ciron/"}}, {"type": "Feature", "geometry": {"type": "Point", "coordinates": [-0.9952, 45.3565]}, "properties": {"code_insee": "33348", "nom": "Queyrac", "departement": "Gironde", "prix_m2_median": 1490, "prix_m2_median_maison": 1490, "prix_m2_median_appartement": null, "nb_ventes": 22, "evolution_prix_pct": null, "part_passoires_dpe_pct": null, "fiabilite": "indicative", "url": "https://vendsmonbien.com/prix-immobilier/33-gironde/queyrac/"}}, {"type": "Feature", "geometry": {"type": "Point", "coordinates": [-0.4876, 44.751]}, "properties": {"code_insee": "33349", "nom": "Quinsac", "departement": "Gironde", "prix_m2_median": 3120, "prix_m2_median_maison": 3150, "prix_m2_median_appartement": null, "nb_ventes": 46, "evolution_prix_pct": null, "part_passoires_dpe_pct": 5.8, "fiabilite": "bonne", "url": "https://vendsmonbien.com/prix-immobilier/33-gironde/quinsac/"}}, {"type": "Feature", "geometry": {"type": "Point", "coordinates": [-0.132, 44.782]}, "properties": {"code_insee": "33350", "nom": "Rauzan", "departement": "Gironde", "prix_m2_median": 2030, "prix_m2_median_maison": 2040, "prix_m2_median_appartement": null, "nb_ventes": 29, "evolution_prix_pct": null, "part_passoires_dpe_pct": null, "fiabilite": "indicative", "url": "https://vendsmonbien.com/prix-immobilier/33-gironde/rauzan/"}}, {"type": "Feature", "geometry": {"type": "Point", "coordinates": [-0.5179, 45.2292]}, "properties": {"code_insee": "33351", "nom": "Reignac", "departement": "Gironde", "prix_m2_median": 1350, "prix_m2_median_maison": 1350, "prix_m2_median_appartement": null, "nb_ventes": 39, "evolution_prix_pct": null, "part_passoires_dpe_pct": 11.0, "fiabilite": "bonne", "url": "https://vendsmonbien.com/prix-immobilier/33-gironde/reignac/"}}, {"type": "Feature", "geometry": {"type": "Point", "coordinates": [-0.3299, 44.6681]}, "properties": {"code_insee": "33355", "nom": "Rions", "departement": "Gironde", "prix_m2_median": 1790, "prix_m2_median_maison": 1790, "prix_m2_median_appartement": null, "nb_ventes": 37, "evolution_prix_pct": null, "part_passoires_dpe_pct": 6.1, "fiabilite": "bonne", "url": "https://vendsmonbien.com/prix-immobilier/33-gironde/rions/"}}, {"type": "Feature", "geometry": {"type": "Point", "coordinates": [-0.2804, 44.5086]}, "properties": {"code_insee": "33357", "nom": "Roaillan", "departement": "Gironde", "prix_m2_median": 2660, "prix_m2_median_maison": 2660, "prix_m2_median_appartement": null, "nb_ventes": 18, "evolution_prix_pct": null, "part_passoires_dpe_pct": null, "fiabilite": "indicative", "url": "https://vendsmonbien.com/prix-immobilier/33-gironde/roaillan/"}}, {"type": "Feature", "geometry": {"type": "Point", "coordinates": [-0.1822, 45.0233]}, "properties": {"code_insee": "33362", "nom": "Sablons", "departement": "Gironde", "prix_m2_median": 1880, "prix_m2_median_maison": 1880, "prix_m2_median_appartement": null, "nb_ventes": 16, "evolution_prix_pct": null, "part_passoires_dpe_pct": null, "fiabilite": "indicative", "url": "https://vendsmonbien.com/prix-immobilier/33-gironde/sablons/"}}, {"type": "Feature", "geometry": {"type": "Point", "coordinates": [-0.3925, 44.787]}, "properties": {"code_insee": "33363", "nom": "Sadirac", "departement": "Gironde", "prix_m2_median": 3180, "prix_m2_median_maison": 3180, "prix_m2_median_appartement": null, "nb_ventes": 91, "evolution_prix_pct": -8.8, "part_passoires_dpe_pct": 2.4, "fiabilite": "bonne", "url": "https://vendsmonbien.com/prix-immobilier/33-gironde/sadirac/"}}, {"type": "Feature", "geometry": {"type": "Point", "coordinates": [-0.4378, 44.9945]}, "properties": {"code_insee": "33366", "nom": "Saint-André-de-Cubzac", "departement": "Gironde", "prix_m2_median": 2540, "prix_m2_median_maison": 2580, "prix_m2_median_appartement": 2410, "nb_ventes": 377, "evolution_prix_pct": -1.2, "part_passoires_dpe_pct": 3.3, "fiabilite": "élevée", "url": "https://vendsmonbien.com/prix-immobilier/33-gironde/saint-andre-de-cubzac/"}}, {"type": "Feature", "geometry": {"type": "Point", "coordinates": [0.0447, 45.0452]}, "properties": {"code_insee": "33373", "nom": "Saint-Antoine-sur-l'Isle", "departement": "Gironde", "prix_m2_median": 1580, "prix_m2_median_maison": 1580, "prix_m2_median_appartement": null, "nb_ventes": 17, "evolution_prix_pct": null, "part_passoires_dpe_pct": null, "fiabilite": "indicative", "url": "https://vendsmonbien.com/prix-immobilier/33-gironde/saint-antoine-sur-lisle/"}}, {"type": "Feature", "geometry": {"type": "Point", "coordinates": [-0.5763, 45.2591]}, "properties": {"code_insee": "33374", "nom": "Saint-Aubin-de-Blaye", "departement": "Gironde", "prix_m2_median": 1410, "prix_m2_median_maison": 1400, "prix_m2_median_appartement": null, "nb_ventes": 23, "evolution_prix_pct": null, "part_passoires_dpe_pct": null, "fiabilite": "indicative", "url": "https://vendsmonbien.com/prix-immobilier/33-gironde/saint-aubin-de-blaye/"}}, {"type": "Feature", "geometry": {"type": "Point", "coordinates": [-0.7478, 44.9343]}, "properties": {"code_insee": "33376", "nom": "Saint-Aubin-de-Médoc", "departement": "Gironde", "prix_m2_median": 3970, "prix_m2_median_maison": 4090, "prix_m2_median_appartement": 3230, "nb_ventes": 127, "evolution_prix_pct": -16.5, "part_passoires_dpe_pct": 1.8, "fiabilite": "élevée", "url": "https://vendsmonbien.com/prix-immobilier/33-gironde/saint-aubin-de-medoc/"}}, {"type": "Feature", "geometry": {"type": "Point", "coordinates": [0.2762, 44.8478]}, "properties": {"code_insee": "33378", "nom": "Saint-Avit-Saint-Nazaire", "departement": "Gironde", "prix_m2_median": 1670, "prix_m2_median_maison": 1670, "prix_m2_median_appartement": null, "nb_ventes": 30, "evolution_prix_pct": null, "part_passoires_dpe_pct": 13.5, "fiabilite": "bonne", "url": "https://vendsmonbien.com/prix-immobilier/33-gironde/saint-avit-saint-nazaire/"}}, {"type": "Feature", "geometry": {"type": "Point", "coordinates": [-0.4262, 44.7544]}, "properties": {"code_insee": "33381", "nom": "Saint-Caprais-de-Bordeaux", "departement": "Gironde", "prix_m2_median": 2930, "prix_m2_median_maison": 3080, "prix_m2_median_appartement": 2510, "nb_ventes": 87, "evolution_prix_pct": 1.4, "part_passoires_dpe_pct": 2.1, "fiabilite": "bonne", "url": "https://vendsmonbien.com/prix-immobilier/33-gironde/saint-caprais-de-bordeaux/"}}, {"type": "Feature", "geometry": {"type": "Point", "coordinates": [-0.4967, 45.1499]}, "properties": {"code_insee": "33382", "nom": "Saint-Christoly-de-Blaye", "departement": "Gironde", "prix_m2_median": 1630, "prix_m2_median_maison": 1650, "prix_m2_median_appartement": null, "nb_ventes": 40, "evolution_prix_pct": 6.9, "part_passoires_dpe_pct": 13.9, "fiabilite": "bonne", "url": "https://vendsmonbien.com/prix-immobilier/33-gironde/saint-christoly-de-blaye/"}}, {"type": "Feature", "geometry": {"type": "Point", "coordinates": [-0.2907, 45.0343]}, "properties": {"code_insee": "33387", "nom": "Saint-Ciers-d'Abzac", "departement": "Gironde", "prix_m2_median": 2140, "prix_m2_median_maison": 2140, "prix_m2_median_appartement": null, "nb_ventes": 19, "evolution_prix_pct": null, "part_passoires_dpe_pct": null, "fiabilite": "indicative", "url": "https://vendsmonbien.com/prix-immobilier/33-gironde/saint-ciers-dabzac/"}}, {"type": "Feature", "geometry": {"type": "Point", "coordinates": [-0.6033, 45.0877]}, "properties": {"code_insee": "33388", "nom": "Saint-Ciers-de-Canesse", "departement": "Gironde", "prix_m2_median": 1620, "prix_m2_median_maison": 1620, "prix_m2_median_appartement": null, "nb_ventes": 15, "evolution_prix_pct": null, "part_passoires_dpe_pct": null, "fiabilite": "indicative", "url": "https://vendsmonbien.com/prix-immobilier/33-gironde/saint-ciers-de-canesse/"}}, {"type": "Feature", "geometry": {"type": "Point", "coordinates": [-0.6648, 45.2947]}, "properties": {"code_insee": "33389", "nom": "Saint-Ciers-sur-Gironde", "departement": "Gironde", "prix_m2_median": 1410, "prix_m2_median_maison": 1410, "prix_m2_median_appartement": null, "nb_ventes": 69, "evolution_prix_pct": 6.0, "part_passoires_dpe_pct": 6.8, "fiabilite": "bonne", "url": "https://vendsmonbien.com/prix-immobilier/33-gironde/saint-ciers-sur-gironde/"}}, {"type": "Feature", "geometry": {"type": "Point", "coordinates": [-0.1833, 44.9893]}, "properties": {"code_insee": "33393", "nom": "Saint-Denis-de-Pile", "departement": "Gironde", "prix_m2_median": 1950, "prix_m2_median_maison": 2100, "prix_m2_median_appartement": 1650, "nb_ventes": 106, "evolution_prix_pct": -13.0, "part_passoires_dpe_pct": 5.5, "fiabilite": "élevée", "url": "https://vendsmonbien.com/prix-immobilier/33-gironde/saint-denis-de-pile/"}}, {"type": "Feature", "geometry": {"type": "Point", "coordinates": [-0.2719, 44.5977]}, "properties": {"code_insee": "33392", "nom": "Sainte-Croix-du-Mont", "departement": "Gironde", "prix_m2_median": 1760, "prix_m2_median_maison": 1790, "prix_m2_median_appartement": null, "nb_ventes": 16, "evolution_prix_pct": null, "part_passoires_dpe_pct": null, "fiabilite": "indicative", "url": "https://vendsmonbien.com/prix-immobilier/33-gironde/sainte-croix-du-mont/"}}, {"type": "Feature", "geometry": {"type": "Point", "coordinates": [-0.48, 44.9027]}, "properties": {"code_insee": "33397", "nom": "Sainte-Eulalie", "departement": "Gironde", "prix_m2_median": 2930, "prix_m2_median_maison": 3000, "prix_m2_median_appartement": 2630, "nb_ventes": 74, "evolution_prix_pct": -11.4, "part_passoires_dpe_pct": 2.8, "fiabilite": "bonne", "url": "https://vendsmonbien.com/prix-immobilier/33-gironde/sainte-eulalie/"}}, {"type": "Feature", "geometry": {"type": "Point", "coordinates": [0.2171, 44.8407]}, "properties": {"code_insee": "33402", "nom": "Sainte-Foy-la-Grande", "departement": "Gironde", "prix_m2_median": 1110, "prix_m2_median_maison": 1130, "prix_m2_median_appartement": 1100, "nb_ventes": 74, "evolution_prix_pct": -9.4, "part_passoires_dpe_pct": 7.9, "fiabilite": "bonne", "url": "https://vendsmonbien.com/prix-immobilier/33-gironde/sainte-foy-la-grande/"}}, {"type": "Feature", "geometry": {"type": "Point", "coordinates": [-0.9071, 44.9653]}, "properties": {"code_insee": "33417", "nom": "Sainte-Hélène", "departement": "Gironde", "prix_m2_median": 3040, "prix_m2_median_maison": 3060, "prix_m2_median_appartement": null, "nb_ventes": 60, "evolution_prix_pct": -10.9, "part_passoires_dpe_pct": 3.4, "fiabilite": "bonne", "url": "https://vendsmonbien.com/prix-immobilier/33-gironde/sainte-helene/"}}, {"type": "Feature", "geometry": {"type": "Point", "coordinates": [-0.1715, 44.8947]}, "properties": {"code_insee": "33394", "nom": "Saint-Émilion", "departement": "Gironde", "prix_m2_median": 2780, "prix_m2_median_maison": 2760, "prix_m2_median_appartement": null, "nb_ventes": 50, "evolution_prix_pct": -13.8, "part_passoires_dpe_pct": 14.2, "fiabilite": "bonne", "url": "https://vendsmonbien.com/prix-immobilier/33-gironde/saint-emilion/"}}, {"type": "Feature", "geometry": {"type": "Point", "coordinates": [-0.7759, 45.2544]}, "properties": {"code_insee": "33395", "nom": "Saint-Estèphe", "departement": "Gironde", "prix_m2_median": 1640, "prix_m2_median_maison": 1630, "prix_m2_median_appartement": null, "nb_ventes": 41, "evolution_prix_pct": null, "part_passoires_dpe_pct": 17.7, "fiabilite": "bonne", "url": "https://vendsmonbien.com/prix-immobilier/33-gironde/saint-estephe/"}}, {"type": "Feature", "geometry": {"type": "Point", "coordinates": [-0.1208, 44.8328]}, "properties": {"code_insee": "33485", "nom": "Sainte-Terre", "departement": "Gironde", "prix_m2_median": 2180, "prix_m2_median_maison": 2180, "prix_m2_median_appartement": null, "nb_ventes": 48, "evolution_prix_pct": -4.5, "part_passoires_dpe_pct": 10.5, "fiabilite": "bonne", "url": "https://vendsmonbien.com/prix-immobilier/33-gironde/sainte-terre/"}}, {"type": "Feature", "geometry": {"type": "Point", "coordinates": [-0.347, 45.0259]}, "properties": {"code_insee": "33407", "nom": "Saint-Genès-de-Fronsac", "departement": "Gironde", "prix_m2_median": 2490, "prix_m2_median_maison": 2490, "prix_m2_median_appartement": null, "nb_ventes": 20, "evolution_prix_pct": null, "part_passoires_dpe_pct": null, "fiabilite": "indicative", "url": "https://vendsmonbien.com/prix-immobilier/33-gironde/saint-genes-de-fronsac/"}}, {"type": "Feature", "geometry": {"type": "Point", "coordinates": [-0.8886, 45.2534]}, "properties": {"code_insee": "33412", "nom": "Saint-Germain-d'Esteuil", "departement": "Gironde", "prix_m2_median": 1790, "prix_m2_median_maison": 1790, "prix_m2_median_appartement": null, "nb_ventes": 23, "evolution_prix_pct": null, "part_passoires_dpe_pct": null, "fiabilite": "indicative", "url": "https://vendsmonbien.com/prix-immobilier/33-gironde/saint-germain-desteuil/"}}, {"type": "Feature", "geometry": {"type": "Point", "coordinates": [-0.3334, 44.8529]}, "properties": {"code_insee": "33413", "nom": "Saint-Germain-du-Puch", "departement": "Gironde", "prix_m2_median": 2490, "prix_m2_median_maison": 2490, "prix_m2_median_appartement": null, "nb_ventes": 43, "evolution_prix_pct": null, "part_passoires_dpe_pct": 7.2, "fiabilite": "bonne", "url": "https://vendsmonbien.com/prix-immobilier/33-gironde/saint-germain-du-puch/"}}, {"type": "Feature", "geometry": {"type": "Point", "coordinates": [-0.4671, 45.0164]}, "properties": {"code_insee": "33415", "nom": "Saint-Gervais", "departement": "Gironde", "prix_m2_median": 2410, "prix_m2_median_maison": 2530, "prix_m2_median_appartement": 2190, "nb_ventes": 79, "evolution_prix_pct": -14.8, "part_passoires_dpe_pct": 4.9, "fiabilite": "bonne", "url": "https://vendsmonbien.com/prix-immobilier/33-gironde/saint-gervais/"}}, {"type": "Feature", "geometry": {"type": "Point", "coordinates": [-0.8156, 44.7973]}, "properties": {"code_insee": "33422", "nom": "Saint-Jean-d'Illac", "departement": "Gironde", "prix_m2_median": 3720, "prix_m2_median_maison": 3760, "prix_m2_median_appartement": 3690, "nb_ventes": 235, "evolution_prix_pct": -8.1, "part_passoires_dpe_pct": 1.2, "fiabilite": "élevée", "url": "https://vendsmonbien.com/prix-immobilier/33-gironde/saint-jean-dillac/"}}, {"type": "Feature", "geometry": {"type": "Point", "coordinates": [-0.739, 45.1606]}, "properties": {"code_insee": "33423", "nom": "Saint-Julien-Beychevelle", "departement": "Gironde", "prix_m2_median": 1490, "prix_m2_median_maison": 1460, "prix_m2_median_appartement": null, "nb_ventes": 20, "evolution_prix_pct": null, "part_passoires_dpe_pct": null, "fiabilite": "indicative", "url": "https://vendsmonbien.com/prix-immobilier/33-gironde/saint-julien-beychevelle/"}}, {"type": "Feature", "geometry": {"type": "Point", "coordinates": [-0.4685, 45.0438]}, "properties": {"code_insee": "33425", "nom": "Saint-Laurent-d'Arce", "departement": "Gironde", "prix_m2_median": 2310, "prix_m2_median_maison": 2460, "prix_m2_median_appartement": null, "nb_ventes": 28, "evolution_prix_pct": null, "part_passoires_dpe_pct": null, "fiabilite": "indicative", "url": "https://vendsmonbien.com/prix-immobilier/33-gironde/saint-laurent-darce/"}}, {"type": "Feature", "geometry": {"type": "Point", "coordinates": [-0.8557, 45.1402]}, "properties": {"code_insee": "33424", "nom": "Saint-Laurent-Médoc", "departement": "Gironde", "prix_m2_median": 2060, "prix_m2_median_maison": 2140, "prix_m2_median_appartement": 1980, "nb_ventes": 125, "evolution_prix_pct": -8.9, "part_passoires_dpe_pct": 4.7, "fiabilite": "élevée", "url": "https://vendsmonbien.com/prix-immobilier/33-gironde/saint-laurent-medoc/"}}, {"type": "Feature", "geometry": {"type": "Point", "coordinates": [-0.4257, 44.9223]}, "properties": {"code_insee": "33433", "nom": "Saint-Loubès", "departement": "Gironde", "prix_m2_median": 2900, "prix_m2_median_maison": 2960, "prix_m2_median_appartement": 2810, "nb_ventes": 161, "evolution_prix_pct": -11.8, "part_passoires_dpe_pct": 3.6, "fiabilite": "élevée", "url": "https://vendsmonbien.com/prix-immobilier/33-gironde/saint-loubes/"}}, {"type": "Feature", "geometry": {"type": "Point", "coordinates": [-0.5335, 44.957]}, "properties": {"code_insee": "33434", "nom": "Saint-Louis-de-Montferrand", "departement": "Gironde", "prix_m2_median": 2450, "prix_m2_median_maison": 2390, "prix_m2_median_appartement": 2480, "nb_ventes": 64, "evolution_prix_pct": -11.0, "part_passoires_dpe_pct": 3.6, "fiabilite": "bonne", "url": "https://vendsmonbien.com/prix-immobilier/33-gironde/saint-louis-de-montferrand/"}}, {"type": "Feature", "geometry": {"type": "Point", "coordinates": [-0.2335, 44.5641]}, "properties": {"code_insee": "33435", "nom": "Saint-Macaire", "departement": "Gironde", "prix_m2_median": 1960, "prix_m2_median_maison": 2030, "prix_m2_median_appartement": 1960, "nb_ventes": 87, "evolution_prix_pct": 9.4, "part_passoires_dpe_pct": 5.4, "fiabilite": "bonne", "url": "https://vendsmonbien.com/prix-immobilier/33-gironde/saint-macaire/"}}, {"type": "Feature", "geometry": {"type": "Point", "coordinates": [-0.6623, 44.559]}, "properties": {"code_insee": "33436", "nom": "Saint-Magne", "departement": "Gironde", "prix_m2_median": 2870, "prix_m2_median_maison": 2870, "prix_m2_median_appartement": null, "nb_ventes": 16, "evolution_prix_pct": null, "part_passoires_dpe_pct": null, "fiabilite": "indicative", "url": "https://vendsmonbien.com/prix-immobilier/33-gironde/saint-magne/"}}, {"type": "Feature", "geometry": {"type": "Point", "coordinates": [-0.0716, 44.8542]}, "properties": {"code_insee": "33437", "nom": "Saint-Magne-de-Castillon", "departement": "Gironde", "prix_m2_median": 2040, "prix_m2_median_maison": 2040, "prix_m2_median_appartement": null, "nb_ventes": 58, "evolution_prix_pct": -7.2, "part_passoires_dpe_pct": 13.0, "fiabilite": "bonne", "url": "https://vendsmonbien.com/prix-immobilier/33-gironde/saint-magne-de-castillon/"}}, {"type": "Feature", "geometry": {"type": "Point", "coordinates": [-0.2481, 44.5815]}, "properties": {"code_insee": "33438", "nom": "Saint-Maixant", "departement": "Gironde", "prix_m2_median": 2400, "prix_m2_median_maison": 2400, "prix_m2_median_appartement": null, "nb_ventes": 54, "evolution_prix_pct": -4.7, "part_passoires_dpe_pct": 5.5, "fiabilite": "bonne", "url": "https://vendsmonbien.com/prix-immobilier/33-gironde/saint-maixant/"}}, {"type": "Feature", "geometry": {"type": "Point", "coordinates": [-0.4093, 45.1228]}, "properties": {"code_insee": "33439", "nom": "Saint-Mariens", "departement": "Gironde", "prix_m2_median": 2050, "prix_m2_median_maison": 2050, "prix_m2_median_appartement": null, "nb_ventes": 30, "evolution_prix_pct": null, "part_passoires_dpe_pct": 4.6, "fiabilite": "bonne", "url": "https://vendsmonbien.com/prix-immobilier/33-gironde/saint-mariens/"}}, {"type": "Feature", "geometry": {"type": "Point", "coordinates": [-0.6411, 45.1397]}, "properties": {"code_insee": "33441", "nom": "Saint-Martin-Lacaussade", "departement": "Gironde", "prix_m2_median": 1670, "prix_m2_median_maison": 1530, "prix_m2_median_appartement": 1720, "nb_ventes": 56, "evolution_prix_pct": 3.0, "part_passoires_dpe_pct": 3.3, "fiabilite": "bonne", "url": "https://vendsmonbien.com/prix-immobilier/33-gironde/saint-martin-lacaussade/"}}, {"type": "Feature", "geometry": {"type": "Point", "coordinates": [-0.0729, 45.0111]}, "properties": {"code_insee": "33447", "nom": "Saint-Médard-de-Guizières", "departement": "Gironde", "prix_m2_median": 1600, "prix_m2_median_maison": 1600, "prix_m2_median_appartement": null, "nb_ventes": 80, "evolution_prix_pct": 2.6, "part_passoires_dpe_pct": 7.5, "fiabilite": "bonne", "url": "https://vendsmonbien.com/prix-immobilier/33-gironde/saint-medard-de-guizieres/"}}, {"type": "Feature", "geometry": {"type": "Point", "coordinates": [-0.5125, 44.714]}, "properties": {"code_insee": "33448", "nom": "Saint-Médard-d'Eyrans", "departement": "Gironde", "prix_m2_median": 3250, "prix_m2_median_maison": 3240, "prix_m2_median_appartement": null, "nb_ventes": 70, "evolution_prix_pct": -9.3, "part_passoires_dpe_pct": 5.1, "fiabilite": "bonne", "url": "https://vendsmonbien.com/prix-immobilier/33-gironde/saint-medard-deyrans/"}}, {"type": "Feature", "geometry": {"type": "Point", "coordinates": [-0.7823, 44.8861]}, "properties": {"code_insee": "33449", "nom": "Saint-Médard-en-Jalles", "departement": "Gironde", "prix_m2_median": 3700, "prix_m2_median_maison": 3770, "prix_m2_median_appartement": 3640, "nb_ventes": 866, "evolution_prix_pct": -7.5, "part_passoires_dpe_pct": 3.6, "fiabilite": "élevée", "url": "https://vendsmonbien.com/prix-immobilier/33-gironde/saint-medard-en-jalles/"}}, {"type": "Feature", "geometry": {"type": "Point", "coordinates": [-0.5232, 44.6387]}, "properties": {"code_insee": "33454", "nom": "Saint-Morillon", "departement": "Gironde", "prix_m2_median": 3370, "prix_m2_median_maison": 3370, "prix_m2_median_appartement": null, "nb_ventes": 18, "evolution_prix_pct": null, "part_passoires_dpe_pct": null, "fiabilite": "indicative", "url": "https://vendsmonbien.com/prix-immobilier/33-gironde/saint-morillon/"}}, {"type": "Feature", "geometry": {"type": "Point", "coordinates": [-0.5918, 45.1504]}, "properties": {"code_insee": "33458", "nom": "Saint-Paul", "departement": "Gironde", "prix_m2_median": 1730, "prix_m2_median_maison": 1730, "prix_m2_median_appartement": null, "nb_ventes": 17, "evolution_prix_pct": null, "part_passoires_dpe_pct": null, "fiabilite": "indicative", "url": "https://vendsmonbien.com/prix-immobilier/33-gironde/saint-paul/"}}, {"type": "Feature", "geometry": {"type": "Point", "coordinates": [-0.1916, 44.5807]}, "properties": {"code_insee": "33463", "nom": "Saint-Pierre-d'Aurillac", "departement": "Gironde", "prix_m2_median": 1670, "prix_m2_median_maison": 1670, "prix_m2_median_appartement": null, "nb_ventes": 33, "evolution_prix_pct": null, "part_passoires_dpe_pct": 6.7, "fiabilite": "bonne", "url": "https://vendsmonbien.com/prix-immobilier/33-gironde/saint-pierre-daurillac/"}}, {"type": "Feature", "geometry": {"type": "Point", "coordinates": [-0.2172, 44.5433]}, "properties": {"code_insee": "33465", "nom": "Saint-Pierre-de-Mons", "departement": "Gironde", "prix_m2_median": 2270, "prix_m2_median_maison": 2270, "prix_m2_median_appartement": null, "nb_ventes": 18, "evolution_prix_pct": null, "part_passoires_dpe_pct": null, "fiabilite": "indicative", "url": "https://vendsmonbien.com/prix-immobilier/33-gironde/saint-pierre-de-mons/"}}, {"type": "Feature", "geometry": {"type": "Point", "coordinates": [-0.2811, 44.8175]}, "properties": {"code_insee": "33466", "nom": "Saint-Quentin-de-Baron", "departement": "Gironde", "prix_m2_median": 2320, "prix_m2_median_maison": 2730, "prix_m2_median_appartement": 2270, "nb_ventes": 134, "evolution_prix_pct": -1.3, "part_passoires_dpe_pct": 3.1, "fiabilite": "élevée", "url": "https://vendsmonbien.com/prix-immobilier/33-gironde/saint-quentin-de-baron/"}}, {"type": "Feature", "geometry": {"type": "Point", "coordinates": [-0.4177, 44.9609]}, "properties": {"code_insee": "33470", "nom": "Saint-Romain-la-Virvée", "departement": "Gironde", "prix_m2_median": 2360, "prix_m2_median_maison": 2360, "prix_m2_median_appartement": null, "nb_ventes": 17, "evolution_prix_pct": null, "part_passoires_dpe_pct": null, "fiabilite": "indicative", "url": "https://vendsmonbien.com/prix-immobilier/33-gironde/saint-romain-la-virvee/"}}, {"type": "Feature", "geometry": {"type": "Point", "coordinates": [-0.8223, 45.1964]}, "properties": {"code_insee": "33471", "nom": "Saint-Sauveur", "departement": "Gironde", "prix_m2_median": 2210, "prix_m2_median_maison": 2210, "prix_m2_median_appartement": null, "nb_ventes": 19, "evolution_prix_pct": null, "part_passoires_dpe_pct": null, "fiabilite": "indicative", "url": "https://vendsmonbien.com/prix-immobilier/33-gironde/saint-sauveur/"}}, {"type": "Feature", "geometry": {"type": "Point", "coordinates": [-0.4449, 45.1611]}, "properties": {"code_insee": "33473", "nom": "Saint-Savin", "departement": "Gironde", "prix_m2_median": 1880, "prix_m2_median_maison": 1910, "prix_m2_median_appartement": 1880, "nb_ventes": 87, "evolution_prix_pct": -7.9, "part_passoires_dpe_pct": 3.0, "fiabilite": "bonne", "url": "https://vendsmonbien.com/prix-immobilier/33-gironde/saint-savin/"}}, {"type": "Feature", "geometry": {"type": "Point", "coordinates": [-0.4726, 44.6574]}, "properties": {"code_insee": "33474", "nom": "Saint-Selve", "departement": "Gironde", "prix_m2_median": 3240, "prix_m2_median_maison": 3240, "prix_m2_median_appartement": null, "nb_ventes": 68, "evolution_prix_pct": -13.4, "part_passoires_dpe_pct": 2.4, "fiabilite": "bonne", "url": "https://vendsmonbien.com/prix-immobilier/33-gironde/saint-selve/"}}, {"type": "Feature", "geometry": {"type": "Point", "coordinates": [-0.6252, 45.1576]}, "properties": {"code_insee": "33477", "nom": "Saint-Seurin-de-Cursac", "departement": "Gironde", "prix_m2_median": 1590, "prix_m2_median_maison": 1620, "prix_m2_median_appartement": 1500, "nb_ventes": 41, "evolution_prix_pct": -1.9, "part_passoires_dpe_pct": 3.2, "fiabilite": "bonne", "url": "https://vendsmonbien.com/prix-immobilier/33-gironde/saint-seurin-de-cursac/"}}, {"type": "Feature", "geometry": {"type": "Point", "coordinates": [-0.004, 45.0093]}, "properties": {"code_insee": "33478", "nom": "Saint-Seurin-sur-l'Isle", "departement": "Gironde", "prix_m2_median": 1550, "prix_m2_median_maison": 1720, "prix_m2_median_appartement": 1420, "nb_ventes": 141, "evolution_prix_pct": -3.1, "part_passoires_dpe_pct": 6.4, "fiabilite": "élevée", "url": "https://vendsmonbien.com/prix-immobilier/33-gironde/saint-seurin-sur-lisle/"}}, {"type": "Feature", "geometry": {"type": "Point", "coordinates": [-0.1893, 44.8614]}, "properties": {"code_insee": "33480", "nom": "Saint-Sulpice-de-Faleyrens", "departement": "Gironde", "prix_m2_median": 2180, "prix_m2_median_maison": 2180, "prix_m2_median_appartement": null, "nb_ventes": 23, "evolution_prix_pct": null, "part_passoires_dpe_pct": null, "fiabilite": "indicative", "url": "https://vendsmonbien.com/prix-immobilier/33-gironde/saint-sulpice-de-faleyrens/"}}, {"type": "Feature", "geometry": {"type": "Point", "coordinates": [-0.3803, 44.9053]}, "properties": {"code_insee": "33483", "nom": "Saint-Sulpice-et-Cameyrac", "departement": "Gironde", "prix_m2_median": 2790, "prix_m2_median_maison": 2770, "prix_m2_median_appartement": 2820, "nb_ventes": 61, "evolution_prix_pct": -0.4, "part_passoires_dpe_pct": 2.0, "fiabilite": "bonne", "url": "https://vendsmonbien.com/prix-immobilier/33-gironde/saint-sulpice-et-cameyrac/"}}, {"type": "Feature", "geometry": {"type": "Point", "coordinates": [-0.5505, 44.4261]}, "properties": {"code_insee": "33484", "nom": "Saint-Symphorien", "departement": "Gironde", "prix_m2_median": 1810, "prix_m2_median_maison": 1810, "prix_m2_median_appartement": null, "nb_ventes": 23, "evolution_prix_pct": null, "part_passoires_dpe_pct": null, "fiabilite": "indicative", "url": "https://vendsmonbien.com/prix-immobilier/33-gironde/saint-symphorien/"}}, {"type": "Feature", "geometry": {"type": "Point", "coordinates": [-0.4815, 44.9704]}, "properties": {"code_insee": "33487", "nom": "Saint-Vincent-de-Paul", "departement": "Gironde", "prix_m2_median": 2500, "prix_m2_median_maison": 2620, "prix_m2_median_appartement": null, "nb_ventes": 19, "evolution_prix_pct": null, "part_passoires_dpe_pct": null, "fiabilite": "indicative", "url": "https://vendsmonbien.com/prix-immobilier/33-gironde/saint-vincent-de-paul/"}}, {"type": "Feature", "geometry": {"type": "Point", "coordinates": [-0.9975, 45.4678]}, "properties": {"code_insee": "33490", "nom": "Saint-Vivien-de-Médoc", "departement": "Gironde", "prix_m2_median": 2050, "prix_m2_median_maison": 2260, "prix_m2_median_appartement": 1830, "nb_ventes": 41, "evolution_prix_pct": null, "part_passoires_dpe_pct": 7.7, "fiabilite": "bonne", "url": "https://vendsmonbien.com/prix-immobilier/33-gironde/saint-vivien-de-medoc/"}}, {"type": "Feature", "geometry": {"type": "Point", "coordinates": [-0.4047, 45.1548]}, "properties": {"code_insee": "33492", "nom": "Saint-Yzan-de-Soudiac", "departement": "Gironde", "prix_m2_median": 1920, "prix_m2_median_maison": 2020, "prix_m2_median_appartement": 1860, "nb_ventes": 71, "evolution_prix_pct": 9.6, "part_passoires_dpe_pct": 2.4, "fiabilite": "bonne", "url": "https://vendsmonbien.com/prix-immobilier/33-gironde/saint-yzan-de-soudiac/"}}, {"type": "Feature", "geometry": {"type": "Point", "coordinates": [-0.8502, 44.9281]}, "properties": {"code_insee": "33494", "nom": "Salaunes", "departement": "Gironde", "prix_m2_median": 3520, "prix_m2_median_maison": 3520, "prix_m2_median_appartement": null, "nb_ventes": 21, "evolution_prix_pct": null, "part_passoires_dpe_pct": null, "fiabilite": "indicative", "url": "https://vendsmonbien.com/prix-immobilier/33-gironde/salaunes/"}}, {"type": "Feature", "geometry": {"type": "Point", "coordinates": [-0.392, 44.8423]}, "properties": {"code_insee": "33496", "nom": "Sallebœuf", "departement": "Gironde", "prix_m2_median": 3000, "prix_m2_median_maison": 2920, "prix_m2_median_appartement": null, "nb_ventes": 48, "evolution_prix_pct": 24.1, "part_passoires_dpe_pct": 3.4, "fiabilite": "bonne", "url": "https://vendsmonbien.com/prix-immobilier/33-gironde/sallebuf/"}}, {"type": "Feature", "geometry": {"type": "Point", "coordinates": [-0.8899, 44.536]}, "properties": {"code_insee": "33498", "nom": "Salles", "departement": "Gironde", "prix_m2_median": 3450, "prix_m2_median_maison": 3430, "prix_m2_median_appartement": 3520, "nb_ventes": 170, "evolution_prix_pct": -10.5, "part_passoires_dpe_pct": 4.5, "fiabilite": "élevée", "url": "https://vendsmonbien.com/prix-immobilier/33-gironde/salles/"}}, {"type": "Feature", "geometry": {"type": "Point", "coordinates": [-0.6377, 44.6476]}, "properties": {"code_insee": "33501", "nom": "Saucats", "departement": "Gironde", "prix_m2_median": 3130, "prix_m2_median_maison": 3130, "prix_m2_median_appartement": null, "nb_ventes": 69, "evolution_prix_pct": -8.0, "part_passoires_dpe_pct": 4.5, "fiabilite": "bonne", "url": "https://vendsmonbien.com/prix-immobilier/33-gironde/saucats/"}}, {"type": "Feature", "geometry": {"type": "Point", "coordinates": [-0.3439, 44.5336]}, "properties": {"code_insee": "33504", "nom": "Sauternes", "departement": "Gironde", "prix_m2_median": 1990, "prix_m2_median_maison": 1990, "prix_m2_median_appartement": null, "nb_ventes": 15, "evolution_prix_pct": null, "part_passoires_dpe_pct": null, "fiabilite": "indicative", "url": "https://vendsmonbien.com/prix-immobilier/33-gironde/sauternes/"}}, {"type": "Feature", "geometry": {"type": "Point", "coordinates": [-0.0727, 44.701]}, "properties": {"code_insee": "33506", "nom": "Sauveterre-de-Guyenne", "departement": "Gironde", "prix_m2_median": 1770, "prix_m2_median_maison": 1790, "prix_m2_median_appartement": null, "nb_ventes": 34, "evolution_prix_pct": null, "part_passoires_dpe_pct": 4.5, "fiabilite": "bonne", "url": "https://vendsmonbien.com/prix-immobilier/33-gironde/sauveterre-de-guyenne/"}}, {"type": "Feature", "geometry": {"type": "Point", "coordinates": [-1.0694, 45.5057]}, "properties": {"code_insee": "33514", "nom": "Soulac-sur-Mer", "departement": "Gironde", "prix_m2_median": 3940, "prix_m2_median_maison": 4040, "prix_m2_median_appartement": 3790, "nb_ventes": 310, "evolution_prix_pct": 1.5, "part_passoires_dpe_pct": 13.8, "fiabilite": "élevée", "url": "https://vendsmonbien.com/prix-immobilier/33-gironde/soulac-sur-mer/"}}, {"type": "Feature", "geometry": {"type": "Point", "coordinates": [-0.6931, 45.0548]}, "properties": {"code_insee": "33517", "nom": "Soussans", "departement": "Gironde", "prix_m2_median": 2510, "prix_m2_median_maison": 2500, "prix_m2_median_appartement": null, "nb_ventes": 41, "evolution_prix_pct": 8.9, "part_passoires_dpe_pct": 3.4, "fiabilite": "bonne", "url": "https://vendsmonbien.com/prix-immobilier/33-gironde/soussans/"}}, {"type": "Feature", "geometry": {"type": "Point", "coordinates": [-0.4131, 44.7231]}, "properties": {"code_insee": "33518", "nom": "Tabanac", "departement": "Gironde", "prix_m2_median": 2430, "prix_m2_median_maison": 2430, "prix_m2_median_appartement": null, "nb_ventes": 22, "evolution_prix_pct": null, "part_passoires_dpe_pct": null, "fiabilite": "indicative", "url": "https://vendsmonbien.com/prix-immobilier/33-gironde/tabanac/"}}, {"type": "Feature", "geometry": {"type": "Point", "coordinates": [-1.0353, 45.499]}, "properties": {"code_insee": "33521", "nom": "Talais", "departement": "Gironde", "prix_m2_median": 2000, "prix_m2_median_maison": 2000, "prix_m2_median_appartement": null, "nb_ventes": 17, "evolution_prix_pct": null, "part_passoires_dpe_pct": null, "fiabilite": "indicative", "url": "https://vendsmonbien.com/prix-immobilier/33-gironde/talais/"}}, {"type": "Feature", "geometry": {"type": "Point", "coordinates": [-0.5918, 44.8061]}, "properties": {"code_insee": "33522", "nom": "Talence", "departement": "Gironde", "prix_m2_median": 4120, "prix_m2_median_maison": 4490, "prix_m2_median_appartement": 3940, "nb_ventes": 1715, "evolution_prix_pct": -7.1, "part_passoires_dpe_pct": 3.5, "fiabilite": "élevée", "url": "https://vendsmonbien.com/prix-immobilier/33-gironde/talence/"}}, {"type": "Feature", "geometry": {"type": "Point", "coordinates": [-0.2691, 44.7375]}, "properties": {"code_insee": "33523", "nom": "Targon", "departement": "Gironde", "prix_m2_median": 2400, "prix_m2_median_maison": 2400, "prix_m2_median_appartement": null, "nb_ventes": 42, "evolution_prix_pct": null, "part_passoires_dpe_pct": 5.2, "fiabilite": "bonne", "url": "https://vendsmonbien.com/prix-immobilier/33-gironde/targon/"}}, {"type": "Feature", "geometry": {"type": "Point", "coordinates": [-0.5059, 45.0524]}, "properties": {"code_insee": "33525", "nom": "Tauriac", "departement": "Gironde", "prix_m2_median": 2120, "prix_m2_median_maison": 2120, "prix_m2_median_appartement": null, "nb_ventes": 33, "evolution_prix_pct": null, "part_passoires_dpe_pct": 14.1, "fiabilite": "bonne", "url": "https://vendsmonbien.com/prix-immobilier/33-gironde/tauriac/"}}, {"type": "Feature", "geometry": {"type": "Point", "coordinates": [-0.5506, 45.1004]}, "properties": {"code_insee": "33530", "nom": "Teuillac", "departement": "Gironde", "prix_m2_median": 1790, "prix_m2_median_maison": 1790, "prix_m2_median_appartement": null, "nb_ventes": 17, "evolution_prix_pct": null, "part_passoires_dpe_pct": null, "fiabilite": "indicative", "url": "https://vendsmonbien.com/prix-immobilier/33-gironde/teuillac/"}}, {"type": "Feature", "geometry": {"type": "Point", "coordinates": [-0.2735, 44.5665]}, "properties": {"code_insee": "33533", "nom": "Toulenne", "departement": "Gironde", "prix_m2_median": 2100, "prix_m2_median_maison": 2170, "prix_m2_median_appartement": 1980, "nb_ventes": 95, "evolution_prix_pct": -2.6, "part_passoires_dpe_pct": 3.7, "fiabilite": "bonne", "url": "https://vendsmonbien.com/prix-immobilier/33-gironde/toulenne/"}}, {"type": "Feature", "geometry": {"type": "Point", "coordinates": [-0.4741, 44.8455]}, "properties": {"code_insee": "33535", "nom": "Tresses", "departement": "Gironde", "prix_m2_median": 3280, "prix_m2_median_maison": 3250, "prix_m2_median_appartement": null, "nb_ventes": 95, "evolution_prix_pct": -10.1, "part_passoires_dpe_pct": 3.8, "fiabilite": "bonne", "url": "https://vendsmonbien.com/prix-immobilier/33-gironde/tresses/"}}, {"type": "Feature", "geometry": {"type": "Point", "coordinates": [-0.5099, 45.276]}, "properties": {"code_insee": "33380", "nom": "Val-de-Livenne", "departement": "Gironde", "prix_m2_median": 1650, "prix_m2_median_maison": 1650, "prix_m2_median_appartement": null, "nb_ventes": 28, "evolution_prix_pct": null, "part_passoires_dpe_pct": null, "fiabilite": "indicative", "url": "https://vendsmonbien.com/prix-immobilier/33-gironde/val-de-livenne/"}}, {"type": "Feature", "geometry": {"type": "Point", "coordinates": [-0.3887, 45.021]}, "properties": {"code_insee": "33018", "nom": "Val de Virvée", "departement": "Gironde", "prix_m2_median": 2440, "prix_m2_median_maison": 2440, "prix_m2_median_appartement": 2570, "nb_ventes": 69, "evolution_prix_pct": -4.3, "part_passoires_dpe_pct": 5.5, "fiabilite": "bonne", "url": "https://vendsmonbien.com/prix-immobilier/33-gironde/val-de-virvee/"}}, {"type": "Feature", "geometry": {"type": "Point", "coordinates": [-0.326, 44.8908]}, "properties": {"code_insee": "33539", "nom": "Vayres", "departement": "Gironde", "prix_m2_median": 2440, "prix_m2_median_maison": 2460, "prix_m2_median_appartement": 2300, "nb_ventes": 128, "evolution_prix_pct": -0.4, "part_passoires_dpe_pct": 4.1, "fiabilite": "élevée", "url": "https://vendsmonbien.com/prix-immobilier/33-gironde/vayres/"}}, {"type": "Feature", "geometry": {"type": "Point", "coordinates": [-1.0953, 45.3378]}, "properties": {"code_insee": "33540", "nom": "Vendays-Montalivet", "departement": "Gironde", "prix_m2_median": 3560, "prix_m2_median_maison": 3510, "prix_m2_median_appartement": 4620, "nb_ventes": 101, "evolution_prix_pct": 18.6, "part_passoires_dpe_pct": 8.6, "fiabilite": "élevée", "url": "https://vendsmonbien.com/prix-immobilier/33-gironde/vendays-montalivet/"}}, {"type": "Feature", "geometry": {"type": "Point", "coordinates": [-1.0821, 45.4039]}, "properties": {"code_insee": "33541", "nom": "Vensac", "departement": "Gironde", "prix_m2_median": 2710, "prix_m2_median_maison": 2710, "prix_m2_median_appartement": null, "nb_ventes": 22, "evolution_prix_pct": null, "part_passoires_dpe_pct": null, "fiabilite": "indicative", "url": "https://vendsmonbien.com/prix-immobilier/33-gironde/vensac/"}}, {"type": "Feature", "geometry": {"type": "Point", "coordinates": [-0.337, 44.9939]}, "properties": {"code_insee": "33542", "nom": "Vérac", "departement": "Gironde", "prix_m2_median": 1990, "prix_m2_median_maison": 1990, "prix_m2_median_appartement": null, "nb_ventes": 16, "evolution_prix_pct": null, "part_passoires_dpe_pct": null, "fiabilite": "indicative", "url": "https://vendsmonbien.com/prix-immobilier/33-gironde/verac/"}}, {"type": "Feature", "geometry": {"type": "Point", "coordinates": [-0.2535, 44.592]}, "properties": {"code_insee": "33543", "nom": "Verdelais", "departement": "Gironde", "prix_m2_median": 2130, "prix_m2_median_maison": 2130, "prix_m2_median_appartement": null, "nb_ventes": 25, "evolution_prix_pct": null, "part_passoires_dpe_pct": null, "fiabilite": "indicative", "url": "https://vendsmonbien.com/prix-immobilier/33-gironde/verdelais/"}}, {"type": "Feature", "geometry": {"type": "Point", "coordinates": [-0.8476, 45.2543]}, "properties": {"code_insee": "33545", "nom": "Vertheuil", "departement": "Gironde", "prix_m2_median": 1650, "prix_m2_median_maison": 1650, "prix_m2_median_appartement": null, "nb_ventes": 33, "evolution_prix_pct": null, "part_passoires_dpe_pct": 9.6, "fiabilite": "bonne", "url": "https://vendsmonbien.com/prix-immobilier/33-gironde/vertheuil/"}}, {"type": "Feature", "geometry": {"type": "Point", "coordinates": [-0.381, 44.4502]}, "properties": {"code_insee": "33547", "nom": "Villandraut", "departement": "Gironde", "prix_m2_median": 1950, "prix_m2_median_maison": 1960, "prix_m2_median_appartement": null, "nb_ventes": 28, "evolution_prix_pct": null, "part_passoires_dpe_pct": null, "fiabilite": "indicative", "url": "https://vendsmonbien.com/prix-immobilier/33-gironde/villandraut/"}}, {"type": "Feature", "geometry": {"type": "Point", "coordinates": [-0.3144, 44.9748]}, "properties": {"code_insee": "33548", "nom": "Villegouge", "departement": "Gironde", "prix_m2_median": 1940, "prix_m2_median_maison": 1980, "prix_m2_median_appartement": null, "nb_ventes": 24, "evolution_prix_pct": null, "part_passoires_dpe_pct": null, "fiabilite": "indicative", "url": "https://vendsmonbien.com/prix-immobilier/33-gironde/villegouge/"}}, {"type": "Feature", "geometry": {"type": "Point", "coordinates": [-0.5523, 44.7736]}, "properties": {"code_insee": "33550", "nom": "Villenave-d'Ornon", "departement": "Gironde", "prix_m2_median": 3470, "prix_m2_median_maison": 3630, "prix_m2_median_appartement": 3330, "nb_ventes": 1353, "evolution_prix_pct": -9.2, "part_passoires_dpe_pct": 2.1, "fiabilite": "élevée", "url": "https://vendsmonbien.com/prix-immobilier/33-gironde/villenave-dornon/"}}, {"type": "Feature", "geometry": {"type": "Point", "coordinates": [-0.3981, 44.6565]}, "properties": {"code_insee": "33552", "nom": "Virelade", "departement": "Gironde", "prix_m2_median": 2250, "prix_m2_median_maison": 2250, "prix_m2_median_appartement": null, "nb_ventes": 22, "evolution_prix_pct": null, "part_passoires_dpe_pct": null, "fiabilite": "indicative", "url": "https://vendsmonbien.com/prix-immobilier/33-gironde/virelade/"}}, {"type": "Feature", "geometry": {"type": "Point", "coordinates": [-0.4368, 45.0256]}, "properties": {"code_insee": "33553", "nom": "Virsac", "departement": "Gironde", "prix_m2_median": 2650, "prix_m2_median_maison": 2650, "prix_m2_median_appartement": null, "nb_ventes": 24, "evolution_prix_pct": null, "part_passoires_dpe_pct": null, "fiabilite": "indicative", "url": "https://vendsmonbien.com/prix-immobilier/33-gironde/virsac/"}}, {"type": "Feature", "geometry": {"type": "Point", "coordinates": [-0.4705, 44.8817]}, "properties": {"code_insee": "33554", "nom": "Yvrac", "departement": "Gironde", "prix_m2_median": 3020, "prix_m2_median_maison": 3090, "prix_m2_median_appartement": 2580, "nb_ventes": 72, "evolution_prix_pct": -9.4, "part_passoires_dpe_pct": 3.8, "fiabilite": "bonne", "url": "https://vendsmonbien.com/prix-immobilier/33-gironde/yvrac/"}}, {"type": "Feature", "geometry": {"type": "Point", "coordinates": [-1.4929, 47.5546]}, "properties": {"code_insee": "44001", "nom": "Abbaretz", "departement": "Loire-Atlantique", "prix_m2_median": 1700, "prix_m2_median_maison": 1700, "prix_m2_median_appartement": null, "nb_ventes": 57, "evolution_prix_pct": -23.1, "part_passoires_dpe_pct": 18.6, "fiabilite": "bonne", "url": "https://vendsmonbien.com/prix-immobilier/44-loire-atlantique/abbaretz/"}}, {"type": "Feature", "geometry": {"type": "Point", "coordinates": [-1.4121, 47.0735]}, "properties": {"code_insee": "44002", "nom": "Aigrefeuille-sur-Maine", "departement": "Loire-Atlantique", "prix_m2_median": 2750, "prix_m2_median_maison": 2750, "prix_m2_median_appartement": 2750, "nb_ventes": 105, "evolution_prix_pct": 3.0, "part_passoires_dpe_pct": 8.8, "fiabilite": "élevée", "url": "https://vendsmonbien.com/prix-immobilier/44-loire-atlantique/aigrefeuille-sur-maine/"}}, {"type": "Feature", "geometry": {"type": "Point", "coordinates": [-1.1681, 47.382]}, "properties": {"code_insee": "44003", "nom": "Ancenis-Saint-Géréon", "departement": "Loire-Atlantique", "prix_m2_median": 2500, "prix_m2_median_maison": 2580, "prix_m2_median_appartement": 2350, "nb_ventes": 331, "evolution_prix_pct": -6.7, "part_passoires_dpe_pct": 5.8, "fiabilite": "élevée", "url": "https://vendsmonbien.com/prix-immobilier/44-loire-atlantique/ancenis-saint-gereon/"}}, {"type": "Feature", "geometry": {"type": "Point", "coordinates": [-2.4127, 47.442]}, "properties": {"code_insee": "44006", "nom": "Assérac", "departement": "Loire-Atlantique", "prix_m2_median": 2750, "prix_m2_median_maison": 2750, "prix_m2_median_appartement": null, "nb_ventes": 78, "evolution_prix_pct": 8.3, "part_passoires_dpe_pct": 14.4, "fiabilite": "bonne", "url": "https://vendsmonbien.com/prix-immobilier/44-loire-atlantique/asserac/"}}, {"type": "Feature", "geometry": {"type": "Point", "coordinates": [-1.9724, 47.645]}, "properties": {"code_insee": "44007", "nom": "Avessac", "departement": "Loire-Atlantique", "prix_m2_median": 1530, "prix_m2_median_maison": 1530, "prix_m2_median_appartement": null, "nb_ventes": 69, "evolution_prix_pct": 4.4, "part_passoires_dpe_pct": 14.2, "fiabilite": "bonne", "url": "https://vendsmonbien.com/prix-immobilier/44-loire-atlantique/avessac/"}}, {"type": "Feature", "geometry": {"type": "Point", "coordinates": [-1.4628, 47.2134]}, "properties": {"code_insee": "44009", "nom": "Basse-Goulaine", "departement": "Loire-Atlantique", "prix_m2_median": 3540, "prix_m2_median_maison": 3390, "prix_m2_median_appartement": 3890, "nb_ventes": 200, "evolution_prix_pct": -9.6, "part_passoires_dpe_pct": 3.1, "fiabilite": "élevée", "url": "https://vendsmonbien.com/prix-immobilier/44-loire-atlantique/basse-goulaine/"}}, {"type": "Feature", "geometry": {"type": "Point", "coordinates": [-2.4701, 47.2789]}, "properties": {"code_insee": "44010", "nom": "Batz-sur-Mer", "departement": "Loire-Atlantique", "prix_m2_median": 4830, "prix_m2_median_maison": 4990, "prix_m2_median_appartement": 4690, "nb_ventes": 225, "evolution_prix_pct": -19.2, "part_passoires_dpe_pct": 14.5, "fiabilite": "élevée", "url": "https://vendsmonbien.com/prix-immobilier/44-loire-atlantique/batz-sur-mer/"}}, {"type": "Feature", "geometry": {"type": "Point", "coordinates": [-2.0703, 47.3828]}, "properties": {"code_insee": "44013", "nom": "Besné", "departement": "Loire-Atlantique", "prix_m2_median": 2300, "prix_m2_median_maison": 2310, "prix_m2_median_appartement": null, "nb_ventes": 70, "evolution_prix_pct": -0.4, "part_passoires_dpe_pct": 11.9, "fiabilite": "bonne", "url": "https://vendsmonbien.com/prix-immobilier/44-loire-atlantique/besne/"}}, {"type": "Feature", "geometry": {"type": "Point", "coordinates": [-1.7817, 47.4562]}, "properties": {"code_insee": "44015", "nom": "Blain", "departement": "Loire-Atlantique", "prix_m2_median": 2220, "prix_m2_median_maison": 2300, "prix_m2_median_appartement": 1970, "nb_ventes": 321, "evolution_prix_pct": 0.9, "part_passoires_dpe_pct": 11.1, "fiabilite": "élevée", "url": "https://vendsmonbien.com/prix-immobilier/44-loire-atlantique/blain/"}}, {"type": "Feature", "geometry": {"type": "Point", "coordinates": [-1.6687, 47.1478]}, "properties": {"code_insee": "44018", "nom": "Bouaye", "departement": "Loire-Atlantique", "prix_m2_median": 3110, "prix_m2_median_maison": 3070, "prix_m2_median_appartement": 3220, "nb_ventes": 206, "evolution_prix_pct": -4.9, "part_passoires_dpe_pct": 3.6, "fiabilite": "élevée", "url": "https://vendsmonbien.com/prix-immobilier/44-loire-atlantique/bouaye/"}}, {"type": "Feature", "geometry": {"type": "Point", "coordinates": [-1.9182, 47.3072]}, "properties": {"code_insee": "44019", "nom": "Bouée", "departement": "Loire-Atlantique", "prix_m2_median": 2600, "prix_m2_median_maison": 2600, "prix_m2_median_appartement": null, "nb_ventes": 27, "evolution_prix_pct": null, "part_passoires_dpe_pct": null, "fiabilite": "indicative", "url": "https://vendsmonbien.com/prix-immobilier/44-loire-atlantique/bouee/"}}, {"type": "Feature", "geometry": {"type": "Point", "coordinates": [-1.6181, 47.171]}, "properties": {"code_insee": "44020", "nom": "Bouguenais", "departement": "Loire-Atlantique", "prix_m2_median": 3030, "prix_m2_median_maison": 2940, "prix_m2_median_appartement": 3280, "nb_ventes": 552, "evolution_prix_pct": -11.2, "part_passoires_dpe_pct": 3.8, "fiabilite": "élevée", "url": "https://vendsmonbien.com/prix-immobilier/44-loire-atlantique/bouguenais/"}}, {"type": "Feature", "geometry": {"type": "Point", "coordinates": [-1.1659, 47.0546]}, "properties": {"code_insee": "44022", "nom": "Boussay", "departement": "Loire-Atlantique", "prix_m2_median": 1960, "prix_m2_median_maison": 1950, "prix_m2_median_appartement": null, "nb_ventes": 76, "evolution_prix_pct": -8.8, "part_passoires_dpe_pct": 11.9, "fiabilite": "bonne", "url": "https://vendsmonbien.com/prix-immobilier/44-loire-atlantique/boussay/"}}, {"type": "Feature", "geometry": {"type": "Point", "coordinates": [-1.8691, 47.42]}, "properties": {"code_insee": "44023", "nom": "Bouvron", "departement": "Loire-Atlantique", "prix_m2_median": 2200, "prix_m2_median_maison": 2210, "prix_m2_median_appartement": null, "nb_ventes": 70, "evolution_prix_pct": -3.2, "part_passoires_dpe_pct": 13.8, "fiabilite": "bonne", "url": "https://vendsmonbien.com/prix-immobilier/44-loire-atlantique/bouvron/"}}, {"type": "Feature", "geometry": {"type": "Point", "coordinates": [-1.7238, 47.1699]}, "properties": {"code_insee": "44024", "nom": "Brains", "departement": "Loire-Atlantique", "prix_m2_median": 2900, "prix_m2_median_maison": 2900, "prix_m2_median_appartement": null, "nb_ventes": 58, "evolution_prix_pct": -7.6, "part_passoires_dpe_pct": 5.1, "fiabilite": "bonne", "url": "https://vendsmonbien.com/prix-immobilier/44-loire-atlantique/brains/"}}, {"type": "Feature", "geometry": {"type": "Point", "coordinates": [-1.988, 47.4155]}, "properties": {"code_insee": "44025", "nom": "Campbon", "departement": "Loire-Atlantique", "prix_m2_median": 2360, "prix_m2_median_maison": 2360, "prix_m2_median_appartement": null, "nb_ventes": 62, "evolution_prix_pct": -11.5, "part_passoires_dpe_pct": 14.1, "fiabilite": "bonne", "url": "https://vendsmonbien.com/prix-immobilier/44-loire-atlantique/campbon/"}}, {"type": "Feature", "geometry": {"type": "Point", "coordinates": [-1.4687, 47.2968]}, "properties": {"code_insee": "44026", "nom": "Carquefou", "departement": "Loire-Atlantique", "prix_m2_median": 3400, "prix_m2_median_maison": 3370, "prix_m2_median_appartement": 3460, "nb_ventes": 565, "evolution_prix_pct": -7.8, "part_passoires_dpe_pct": 2.2, "fiabilite": "élevée", "url": "https://vendsmonbien.com/prix-immobilier/44-loire-atlantique/carquefou/"}}, {"type": "Feature", "geometry": {"type": "Point", "coordinates": [-1.548, 47.3925]}, "properties": {"code_insee": "44027", "nom": "Casson", "departement": "Loire-Atlantique", "prix_m2_median": 2940, "prix_m2_median_maison": 2950, "prix_m2_median_appartement": null, "nb_ventes": 51, "evolution_prix_pct": -20.9, "part_passoires_dpe_pct": 4.9, "fiabilite": "bonne", "url": "https://vendsmonbien.com/prix-immobilier/44-loire-atlantique/casson/"}}, {"type": "Feature", "geometry": {"type": "Point", "coordinates": [-1.3912, 47.7199]}, "properties": {"code_insee": "44036", "nom": "Châteaubriant", "departement": "Loire-Atlantique", "prix_m2_median": 1870, "prix_m2_median_maison": 1920, "prix_m2_median_appartement": 1730, "nb_ventes": 400, "evolution_prix_pct": -4.2, "part_passoires_dpe_pct": 7.6, "fiabilite": "élevée", "url": "https://vendsmonbien.com/prix-immobilier/44-loire-atlantique/chateaubriant/"}}, {"type": "Feature", "geometry": {"type": "Point", "coordinates": [-1.4467, 47.1169]}, "properties": {"code_insee": "44037", "nom": "Château-Thébaud", "departement": "Loire-Atlantique", "prix_m2_median": 2530, "prix_m2_median_maison": 2530, "prix_m2_median_appartement": null, "nb_ventes": 54, "evolution_prix_pct": -18.0, "part_passoires_dpe_pct": 15.0, "fiabilite": "bonne", "url": "https://vendsmonbien.com/prix-immobilier/44-loire-atlantique/chateau-thebaud/"}}, {"type": "Feature", "geometry": {"type": "Point", "coordinates": [-1.9153, 47.1561]}, "properties": {"code_insee": "44005", "nom": "Chaumes-en-Retz", "departement": "Loire-Atlantique", "prix_m2_median": 2750, "prix_m2_median_maison": 2780, "prix_m2_median_appartement": 2110, "nb_ventes": 174, "evolution_prix_pct": -5.3, "part_passoires_dpe_pct": 11.4, "fiabilite": "élevée", "url": "https://vendsmonbien.com/prix-immobilier/44-loire-atlantique/chaumes-en-retz/"}}, {"type": "Feature", "geometry": {"type": "Point", "coordinates": [-2.0132, 47.1602]}, "properties": {"code_insee": "44038", "nom": "Chauvé", "departement": "Loire-Atlantique", "prix_m2_median": 2780, "prix_m2_median_maison": 2780, "prix_m2_median_appartement": null, "nb_ventes": 59, "evolution_prix_pct": -12.2, "part_passoires_dpe_pct": 10.0, "fiabilite": "bonne", "url": "https://vendsmonbien.com/prix-immobilier/44-loire-atlantique/chauve/"}}, {"type": "Feature", "geometry": {"type": "Point", "coordinates": [-1.2654, 47.0936]}, "properties": {"code_insee": "44043", "nom": "Clisson", "departement": "Loire-Atlantique", "prix_m2_median": 3050, "prix_m2_median_maison": 3070, "prix_m2_median_appartement": 2980, "nb_ventes": 250, "evolution_prix_pct": -8.7, "part_passoires_dpe_pct": 8.9, "fiabilite": "élevée", "url": "https://vendsmonbien.com/prix-immobilier/44-loire-atlantique/clisson/"}}, {"type": "Feature", "geometry": {"type": "Point", "coordinates": [-1.7672, 47.6467]}, "properties": {"code_insee": "44044", "nom": "Conquereuil", "departement": "Loire-Atlantique", "prix_m2_median": 1510, "prix_m2_median_maison": 1510, "prix_m2_median_appartement": null, "nb_ventes": 24, "evolution_prix_pct": null, "part_passoires_dpe_pct": null, "fiabilite": "indicative", "url": "https://vendsmonbien.com/prix-immobilier/44-loire-atlantique/conquereuil/"}}, {"type": "Feature", "geometry": {"type": "Point", "coordinates": [-1.6033, 46.958]}, "properties": {"code_insee": "44156", "nom": "Corcoué-sur-Logne", "departement": "Loire-Atlantique", "prix_m2_median": 2210, "prix_m2_median_maison": 2210, "prix_m2_median_appartement": null, "nb_ventes": 65, "evolution_prix_pct": 4.9, "part_passoires_dpe_pct": 12.9, "fiabilite": "bonne", "url": "https://vendsmonbien.com/prix-immobilier/44-loire-atlantique/corcoue-sur-logne/"}}, {"type": "Feature", "geometry": {"type": "Point", "coordinates": [-1.8349, 47.2918]}, "properties": {"code_insee": "44045", "nom": "Cordemais", "departement": "Loire-Atlantique", "prix_m2_median": 2490, "prix_m2_median_maison": 2500, "prix_m2_median_appartement": null, "nb_ventes": 74, "evolution_prix_pct": -26.4, "part_passoires_dpe_pct": 8.2, "fiabilite": "bonne", "url": "https://vendsmonbien.com/prix-immobilier/44-loire-atlantique/cordemais/"}}, {"type": "Feature", "geometry": {"type": "Point", "coordinates": [-2.0894, 47.2672]}, "properties": {"code_insee": "44046", "nom": "Corsept", "departement": "Loire-Atlantique", "prix_m2_median": 2700, "prix_m2_median_maison": 2700, "prix_m2_median_appartement": null, "nb_ventes": 42, "evolution_prix_pct": -0.7, "part_passoires_dpe_pct": 7.0, "fiabilite": "bonne", "url": "https://vendsmonbien.com/prix-immobilier/44-loire-atlantique/corsept/"}}, {"type": "Feature", "geometry": {"type": "Point", "coordinates": [-1.7472, 47.2391]}, "properties": {"code_insee": "44047", "nom": "Couëron", "departement": "Loire-Atlantique", "prix_m2_median": 3150, "prix_m2_median_maison": 3180, "prix_m2_median_appartement": 3080, "nb_ventes": 787, "evolution_prix_pct": -5.6, "part_passoires_dpe_pct": 4.2, "fiabilite": "élevée", "url": "https://vendsmonbien.com/prix-immobilier/44-loire-atlantique/coueron/"}}, {"type": "Feature", "geometry": {"type": "Point", "coordinates": [-1.2853, 47.3873]}, "properties": {"code_insee": "44048", "nom": "Couffé", "departement": "Loire-Atlantique", "prix_m2_median": 2410, "prix_m2_median_maison": 2410, "prix_m2_median_appartement": null, "nb_ventes": 33, "evolution_prix_pct": null, "part_passoires_dpe_pct": 8.4, "fiabilite": "bonne", "url": "https://vendsmonbien.com/prix-immobilier/44-loire-atlantique/couffe/"}}, {"type": "Feature", "geometry": {"type": "Point", "coordinates": [-2.1528, 47.4055]}, "properties": {"code_insee": "44050", "nom": "Crossac", "departement": "Loire-Atlantique", "prix_m2_median": 2180, "prix_m2_median_maison": 2170, "prix_m2_median_appartement": null, "nb_ventes": 60, "evolution_prix_pct": 0.0, "part_passoires_dpe_pct": 16.6, "fiabilite": "bonne", "url": "https://vendsmonbien.com/prix-immobilier/44-loire-atlantique/crossac/"}}, {"type": "Feature", "geometry": {"type": "Point", "coordinates": [-1.6732, 47.6546]}, "properties": {"code_insee": "44051", "nom": "Derval", "departement": "Loire-Atlantique", "prix_m2_median": 1850, "prix_m2_median_maison": 1850, "prix_m2_median_appartement": null, "nb_ventes": 83, "evolution_prix_pct": -5.2, "part_passoires_dpe_pct": 11.4, "fiabilite": "bonne", "url": "https://vendsmonbien.com/prix-immobilier/44-loire-atlantique/derval/"}}, {"type": "Feature", "geometry": {"type": "Point", "coordinates": [-1.3386, 47.2789]}, "properties": {"code_insee": "44029", "nom": "Divatte-sur-Loire", "departement": "Loire-Atlantique", "prix_m2_median": 2670, "prix_m2_median_maison": 2660, "prix_m2_median_appartement": null, "nb_ventes": 145, "evolution_prix_pct": -5.0, "part_passoires_dpe_pct": 7.6, "fiabilite": "élevée", "url": "https://vendsmonbien.com/prix-immobilier/44-loire-atlantique/divatte-sur-loire/"}}, {"type": "Feature", "geometry": {"type": "Point", "coordinates": [-2.0731, 47.3398]}, "properties": {"code_insee": "44052", "nom": "Donges", "departement": "Loire-Atlantique", "prix_m2_median": 2190, "prix_m2_median_maison": 2180, "prix_m2_median_appartement": 2420, "nb_ventes": 282, "evolution_prix_pct": -10.2, "part_passoires_dpe_pct": 13.4, "fiabilite": "élevée", "url": "https://vendsmonbien.com/prix-immobilier/44-loire-atlantique/donges/"}}, {"type": "Feature", "geometry": {"type": "Point", "coordinates": [-2.0611, 47.4676]}, "properties": {"code_insee": "44053", "nom": "Drefféac", "departement": "Loire-Atlantique", "prix_m2_median": 2240, "prix_m2_median_maison": 2240, "prix_m2_median_appartement": null, "nb_ventes": 41, "evolution_prix_pct": null, "part_passoires_dpe_pct": 8.8, "fiabilite": "bonne", "url": "https://vendsmonbien.com/prix-immobilier/44-loire-atlantique/dreffeac/"}}, {"type": "Feature", "geometry": {"type": "Point", "coordinates": [-1.3269, 47.6681]}, "properties": {"code_insee": "44054", "nom": "Erbray", "departement": "Loire-Atlantique", "prix_m2_median": 1510, "prix_m2_median_maison": 1510, "prix_m2_median_appartement": null, "nb_ventes": 57, "evolution_prix_pct": -14.4, "part_passoires_dpe_pct": 7.0, "fiabilite": "bonne", "url": "https://vendsmonbien.com/prix-immobilier/44-loire-atlantique/erbray/"}}, {"type": "Feature", "geometry": {"type": "Point", "coordinates": [-1.8076, 47.3881]}, "properties": {"code_insee": "44056", "nom": "Fay-de-Bretagne", "departement": "Loire-Atlantique", "prix_m2_median": 2400, "prix_m2_median_maison": 2400, "prix_m2_median_appartement": null, "nb_ventes": 105, "evolution_prix_pct": -12.9, "part_passoires_dpe_pct": 8.7, "fiabilite": "élevée", "url": "https://vendsmonbien.com/prix-immobilier/44-loire-atlantique/fay-de-bretagne/"}}, {"type": "Feature", "geometry": {"type": "Point", "coordinates": [-2.029, 47.5762]}, "properties": {"code_insee": "44057", "nom": "Fégréac", "departement": "Loire-Atlantique", "prix_m2_median": 1680, "prix_m2_median_maison": 1680, "prix_m2_median_appartement": null, "nb_ventes": 68, "evolution_prix_pct": 15.8, "part_passoires_dpe_pct": 21.4, "fiabilite": "bonne", "url": "https://vendsmonbien.com/prix-immobilier/44-loire-atlantique/fegreac/"}}, {"type": "Feature", "geometry": {"type": "Point", "coordinates": [-1.381, 47.8034]}, "properties": {"code_insee": "44058", "nom": "Fercé", "departement": "Loire-Atlantique", "prix_m2_median": 1410, "prix_m2_median_maison": 1410, "prix_m2_median_appartement": null, "nb_ventes": 16, "evolution_prix_pct": null, "part_passoires_dpe_pct": null, "fiabilite": "indicative", "url": "https://vendsmonbien.com/prix-immobilier/44-loire-atlantique/ferce/"}}, {"type": "Feature", "geometry": {"type": "Point", "coordinates": [-1.9371, 47.2514]}, "properties": {"code_insee": "44061", "nom": "Frossay", "departement": "Loire-Atlantique", "prix_m2_median": 2560, "prix_m2_median_maison": 2570, "prix_m2_median_appartement": null, "nb_ventes": 72, "evolution_prix_pct": -3.4, "part_passoires_dpe_pct": 10.9, "fiabilite": "bonne", "url": "https://vendsmonbien.com/prix-immobilier/44-loire-atlantique/frossay/"}}, {"type": "Feature", "geometry": {"type": "Point", "coordinates": [-1.5312, 47.0579]}, "properties": {"code_insee": "44223", "nom": "Geneston", "departement": "Loire-Atlantique", "prix_m2_median": 2590, "prix_m2_median_maison": 2590, "prix_m2_median_appartement": 2660, "nb_ventes": 107, "evolution_prix_pct": -7.0, "part_passoires_dpe_pct": 6.7, "fiabilite": "élevée", "url": "https://vendsmonbien.com/prix-immobilier/44-loire-atlantique/geneston/"}}, {"type": "Feature", "geometry": {"type": "Point", "coordinates": [-1.2196, 47.0771]}, "properties": {"code_insee": "44063", "nom": "Gétigné", "departement": "Loire-Atlantique", "prix_m2_median": 2450, "prix_m2_median_maison": 2450, "prix_m2_median_appartement": 2450, "nb_ventes": 94, "evolution_prix_pct": -20.7, "part_passoires_dpe_pct": 16.2, "fiabilite": "bonne", "url": "https://vendsmonbien.com/prix-immobilier/44-loire-atlantique/getigne/"}}, {"type": "Feature", "geometry": {"type": "Point", "coordinates": [-1.3134, 47.1032]}, "properties": {"code_insee": "44064", "nom": "Gorges", "departement": "Loire-Atlantique", "prix_m2_median": 2620, "prix_m2_median_maison": 2610, "prix_m2_median_appartement": null, "nb_ventes": 102, "evolution_prix_pct": 3.9, "part_passoires_dpe_pct": 10.9, "fiabilite": "élevée", "url": "https://vendsmonbien.com/prix-immobilier/44-loire-atlantique/gorges/"}}, {"type": "Feature", "geometry": {"type": "Point", "coordinates": [-1.3106, 47.5797]}, "properties": {"code_insee": "44065", "nom": "Grand-Auverné", "departement": "Loire-Atlantique", "prix_m2_median": 1460, "prix_m2_median_maison": 1460, "prix_m2_median_appartement": null, "nb_ventes": 20, "evolution_prix_pct": null, "part_passoires_dpe_pct": null, "fiabilite": "indicative", "url": "https://vendsmonbien.com/prix-immobilier/44-loire-atlantique/grand-auverne/"}}, {"type": "Feature", "geometry": {"type": "Point", "coordinates": [-1.6234, 47.3629]}, "properties": {"code_insee": "44066", "nom": "Grandchamp-des-Fontaines", "departement": "Loire-Atlantique", "prix_m2_median": 3160, "prix_m2_median_maison": 3150, "prix_m2_median_appartement": 3380, "nb_ventes": 121, "evolution_prix_pct": -15.2, "part_passoires_dpe_pct": 5.8, "fiabilite": "élevée", "url": "https://vendsmonbien.com/prix-immobilier/44-loire-atlantique/grandchamp-des-fontaines/"}}, {"type": "Feature", "geometry": {"type": "Point", "coordinates": [-1.8223, 47.6412]}, "properties": {"code_insee": "44067", "nom": "Guémené-Penfao", "departement": "Loire-Atlantique", "prix_m2_median": 1570, "prix_m2_median_maison": 1570, "prix_m2_median_appartement": 1570, "nb_ventes": 153, "evolution_prix_pct": -12.0, "part_passoires_dpe_pct": 15.8, "fiabilite": "élevée", "url": "https://vendsmonbien.com/prix-immobilier/44-loire-atlantique/guemene-penfao/"}}, {"type": "Feature", "geometry": {"type": "Point", "coordinates": [-1.947, 47.5133]}, "properties": {"code_insee": "44068", "nom": "Guenrouet", "departement": "Loire-Atlantique", "prix_m2_median": 1820, "prix_m2_median_maison": 1820, "prix_m2_median_appartement": null, "nb_ventes": 90, "evolution_prix_pct": 8.0, "part_passoires_dpe_pct": 11.0, "fiabilite": "bonne", "url": "https://vendsmonbien.com/prix-immobilier/44-loire-atlantique/guenrouet/"}}, {"type": "Feature", "geometry": {"type": "Point", "coordinates": [-2.4133, 47.3358]}, "properties": {"code_insee": "44069", "nom": "Guérande", "departement": "Loire-Atlantique", "prix_m2_median": 3740, "prix_m2_median_maison": 3680, "prix_m2_median_appartement": 3890, "nb_ventes": 523, "evolution_prix_pct": -5.6, "part_passoires_dpe_pct": 6.2, "fiabilite": "élevée", "url": "https://vendsmonbien.com/prix-immobilier/44-loire-atlantique/guerande/"}}, {"type": "Feature", "geometry": {"type": "Point", "coordinates": [-1.4097, 47.1951]}, "properties": {"code_insee": "44071", "nom": "Haute-Goulaine", "departement": "Loire-Atlantique", "prix_m2_median": 3360, "prix_m2_median_maison": 3310, "prix_m2_median_appartement": 3540, "nb_ventes": 112, "evolution_prix_pct": -3.5, "part_passoires_dpe_pct": 7.4, "fiabilite": "élevée", "url": "https://vendsmonbien.com/prix-immobilier/44-loire-atlantique/haute-goulaine/"}}, {"type": "Feature", "geometry": {"type": "Point", "coordinates": [-2.3149, 47.451]}, "properties": {"code_insee": "44072", "nom": "Herbignac", "departement": "Loire-Atlantique", "prix_m2_median": 2840, "prix_m2_median_maison": 2820, "prix_m2_median_appartement": 3020, "nb_ventes": 171, "evolution_prix_pct": -2.1, "part_passoires_dpe_pct": 7.8, "fiabilite": "élevée", "url": "https://vendsmonbien.com/prix-immobilier/44-loire-atlantique/herbignac/"}}, {"type": "Feature", "geometry": {"type": "Point", "coordinates": [-1.6404, 47.4208]}, "properties": {"code_insee": "44073", "nom": "Héric", "departement": "Loire-Atlantique", "prix_m2_median": 2590, "prix_m2_median_maison": 2550, "prix_m2_median_appartement": 3480, "nb_ventes": 118, "evolution_prix_pct": -16.6, "part_passoires_dpe_pct": 5.8, "fiabilite": "élevée", "url": "https://vendsmonbien.com/prix-immobilier/44-loire-atlantique/heric/"}}, {"type": "Feature", "geometry": {"type": "Point", "coordinates": [-1.6701, 47.1993]}, "properties": {"code_insee": "44074", "nom": "Indre", "departement": "Loire-Atlantique", "prix_m2_median": 3100, "prix_m2_median_maison": 3200, "prix_m2_median_appartement": 2940, "nb_ventes": 162, "evolution_prix_pct": -13.7, "part_passoires_dpe_pct": 7.5, "fiabilite": "élevée", "url": "https://vendsmonbien.com/prix-immobilier/44-loire-atlantique/indre/"}}, {"type": "Feature", "geometry": {"type": "Point", "coordinates": [-1.4537, 47.6219]}, "properties": {"code_insee": "44075", "nom": "Issé", "departement": "Loire-Atlantique", "prix_m2_median": 1550, "prix_m2_median_maison": 1550, "prix_m2_median_appartement": null, "nb_ventes": 45, "evolution_prix_pct": null, "part_passoires_dpe_pct": 10.9, "fiabilite": "bonne", "url": "https://vendsmonbien.com/prix-immobilier/44-loire-atlantique/isse/"}}, {"type": "Feature", "geometry": {"type": "Point", "coordinates": [-1.6023, 47.6254]}, "properties": {"code_insee": "44076", "nom": "Jans", "departement": "Loire-Atlantique", "prix_m2_median": 1540, "prix_m2_median_maison": 1540, "prix_m2_median_appartement": null, "nb_ventes": 32, "evolution_prix_pct": null, "part_passoires_dpe_pct": 13.6, "fiabilite": "bonne", "url": "https://vendsmonbien.com/prix-immobilier/44-loire-atlantique/jans/"}}, {"type": "Feature", "geometry": {"type": "Point", "coordinates": [-1.4312, 47.5084]}, "properties": {"code_insee": "44077", "nom": "Joué-sur-Erdre", "departement": "Loire-Atlantique", "prix_m2_median": 2210, "prix_m2_median_maison": 2230, "prix_m2_median_appartement": null, "nb_ventes": 69, "evolution_prix_pct": -8.6, "part_passoires_dpe_pct": 13.2, "fiabilite": "bonne", "url": "https://vendsmonbien.com/prix-immobilier/44-loire-atlantique/joue-sur-erdre/"}}, {"type": "Feature", "geometry": {"type": "Point", "coordinates": [-2.3622, 47.2925]}, "properties": {"code_insee": "44055", "nom": "La Baule-Escoublac", "departement": "Loire-Atlantique", "prix_m2_median": 6390, "prix_m2_median_maison": 5950, "prix_m2_median_appartement": 6590, "nb_ventes": 1777, "evolution_prix_pct": -6.3, "part_passoires_dpe_pct": 12.1, "fiabilite": "élevée", "url": "https://vendsmonbien.com/prix-immobilier/44-loire-atlantique/la-baule-escoublac/"}}, {"type": "Feature", "geometry": {"type": "Point", "coordinates": [-2.0318, 47.0862]}, "properties": {"code_insee": "44012", "nom": "La Bernerie-en-Retz", "departement": "Loire-Atlantique", "prix_m2_median": 4570, "prix_m2_median_maison": 4450, "prix_m2_median_appartement": 4880, "nb_ventes": 245, "evolution_prix_pct": -13.8, "part_passoires_dpe_pct": 20.7, "fiabilite": "élevée", "url": "https://vendsmonbien.com/prix-immobilier/44-loire-atlantique/la-bernerie-en-retz/"}}, {"type": "Feature", "geometry": {"type": "Point", "coordinates": [-1.2063, 47.2347]}, "properties": {"code_insee": "44016", "nom": "La Boissière-du-Doré", "departement": "Loire-Atlantique", "prix_m2_median": 1910, "prix_m2_median_maison": 1910, "prix_m2_median_appartement": null, "nb_ventes": 26, "evolution_prix_pct": null, "part_passoires_dpe_pct": null, "fiabilite": "indicative", "url": "https://vendsmonbien.com/prix-immobilier/44-loire-atlantique/la-boissiere-du-dore/"}}, {"type": "Feature", "geometry": {"type": "Point", "coordinates": [-2.2477, 47.4362]}, "properties": {"code_insee": "44030", "nom": "La Chapelle-des-Marais", "departement": "Loire-Atlantique", "prix_m2_median": 2450, "prix_m2_median_maison": 2440, "prix_m2_median_appartement": null, "nb_ventes": 119, "evolution_prix_pct": 13.2, "part_passoires_dpe_pct": 9.7, "fiabilite": "élevée", "url": "https://vendsmonbien.com/prix-immobilier/44-loire-atlantique/la-chapelle-des-marais/"}}, {"type": "Feature", "geometry": {"type": "Point", "coordinates": [-1.1919, 47.6243]}, "properties": {"code_insee": "44031", "nom": "La Chapelle-Glain", "departement": "Loire-Atlantique", "prix_m2_median": 1300, "prix_m2_median_maison": 1300, "prix_m2_median_appartement": null, "nb_ventes": 19, "evolution_prix_pct": null, "part_passoires_dpe_pct": null, "fiabilite": "indicative", "url": "https://vendsmonbien.com/prix-immobilier/44-loire-atlantique/la-chapelle-glain/"}}, {"type": "Feature", "geometry": {"type": "Point", "coordinates": [-1.3468, 47.1745]}, "properties": {"code_insee": "44032", "nom": "La Chapelle-Heulin", "departement": "Loire-Atlantique", "prix_m2_median": 2720, "prix_m2_median_maison": 2740, "prix_m2_median_appartement": null, "nb_ventes": 82, "evolution_prix_pct": 1.5, "part_passoires_dpe_pct": 8.4, "fiabilite": "bonne", "url": "https://vendsmonbien.com/prix-immobilier/44-loire-atlantique/la-chapelle-heulin/"}}, {"type": "Feature", "geometry": {"type": "Point", "coordinates": [-1.9786, 47.3474]}, "properties": {"code_insee": "44033", "nom": "La Chapelle-Launay", "departement": "Loire-Atlantique", "prix_m2_median": 2480, "prix_m2_median_maison": 2500, "prix_m2_median_appartement": null, "nb_ventes": 58, "evolution_prix_pct": 0.0, "part_passoires_dpe_pct": 13.5, "fiabilite": "bonne", "url": "https://vendsmonbien.com/prix-immobilier/44-loire-atlantique/la-chapelle-launay/"}}, {"type": "Feature", "geometry": {"type": "Point", "coordinates": [-1.5621, 47.3041]}, "properties": {"code_insee": "44035", "nom": "La Chapelle-sur-Erdre", "departement": "Loire-Atlantique", "prix_m2_median": 3430, "prix_m2_median_maison": 3430, "prix_m2_median_appartement": 3440, "nb_ventes": 538, "evolution_prix_pct": -7.5, "part_passoires_dpe_pct": 2.5, "fiabilite": "élevée", "url": "https://vendsmonbien.com/prix-immobilier/44-loire-atlantique/la-chapelle-sur-erdre/"}}, {"type": "Feature", "geometry": {"type": "Point", "coordinates": [-1.6658, 47.4774]}, "properties": {"code_insee": "44221", "nom": "La Chevallerais", "departement": "Loire-Atlantique", "prix_m2_median": 2410, "prix_m2_median_maison": 2410, "prix_m2_median_appartement": null, "nb_ventes": 36, "evolution_prix_pct": null, "part_passoires_dpe_pct": 9.7, "fiabilite": "bonne", "url": "https://vendsmonbien.com/prix-immobilier/44-loire-atlantique/la-chevallerais/"}}, {"type": "Feature", "geometry": {"type": "Point", "coordinates": [-1.5965, 47.0908]}, "properties": {"code_insee": "44041", "nom": "La Chevrolière", "departement": "Loire-Atlantique", "prix_m2_median": 2860, "prix_m2_median_maison": 2860, "prix_m2_median_appartement": null, "nb_ventes": 152, "evolution_prix_pct": -2.0, "part_passoires_dpe_pct": 7.2, "fiabilite": "élevée", "url": "https://vendsmonbien.com/prix-immobilier/44-loire-atlantique/la-chevroliere/"}}, {"type": "Feature", "geometry": {"type": "Point", "coordinates": [-1.687, 47.5208]}, "properties": {"code_insee": "44224", "nom": "La Grigonnais", "departement": "Loire-Atlantique", "prix_m2_median": 2170, "prix_m2_median_maison": 2170, "prix_m2_median_appartement": null, "nb_ventes": 36, "evolution_prix_pct": null, "part_passoires_dpe_pct": 6.8, "fiabilite": "bonne", "url": "https://vendsmonbien.com/prix-immobilier/44-loire-atlantique/la-grigonnais/"}}, {"type": "Feature", "geometry": {"type": "Point", "coordinates": [-1.4033, 47.1612]}, "properties": {"code_insee": "44070", "nom": "La Haie-Fouassière", "departement": "Loire-Atlantique", "prix_m2_median": 2990, "prix_m2_median_maison": 2990, "prix_m2_median_appartement": null, "nb_ventes": 129, "evolution_prix_pct": -0.7, "part_passoires_dpe_pct": 5.1, "fiabilite": "élevée", "url": "https://vendsmonbien.com/prix-immobilier/44-loire-atlantique/la-haie-fouassiere/"}}, {"type": "Feature", "geometry": {"type": "Point", "coordinates": [-1.637, 46.9872]}, "properties": {"code_insee": "44083", "nom": "La Limouzinière", "departement": "Loire-Atlantique", "prix_m2_median": 2310, "prix_m2_median_maison": 2310, "prix_m2_median_appartement": null, "nb_ventes": 60, "evolution_prix_pct": 13.5, "part_passoires_dpe_pct": 9.0, "fiabilite": "bonne", "url": "https://vendsmonbien.com/prix-immobilier/44-loire-atlantique/la-limouziniere/"}}, {"type": "Feature", "geometry": {"type": "Point", "coordinates": [-1.7251, 46.9886]}, "properties": {"code_insee": "44090", "nom": "La Marne", "departement": "Loire-Atlantique", "prix_m2_median": 2290, "prix_m2_median_maison": 2290, "prix_m2_median_appartement": null, "nb_ventes": 29, "evolution_prix_pct": null, "part_passoires_dpe_pct": null, "fiabilite": "indicative", "url": "https://vendsmonbien.com/prix-immobilier/44-loire-atlantique/la-marne/"}}, {"type": "Feature", "geometry": {"type": "Point", "coordinates": [-1.3918, 47.5651]}, "properties": {"code_insee": "44095", "nom": "La Meilleraye-de-Bretagne", "departement": "Loire-Atlantique", "prix_m2_median": 1580, "prix_m2_median_maison": 1580, "prix_m2_median_appartement": null, "nb_ventes": 38, "evolution_prix_pct": null, "part_passoires_dpe_pct": 13.4, "fiabilite": "bonne", "url": "https://vendsmonbien.com/prix-immobilier/44-loire-atlantique/la-meilleraye-de-bretagne/"}}, {"type": "Feature", "geometry": {"type": "Point", "coordinates": [-1.6826, 47.1858]}, "properties": {"code_insee": "44101", "nom": "La Montagne", "departement": "Loire-Atlantique", "prix_m2_median": 3060, "prix_m2_median_maison": 3040, "prix_m2_median_appartement": 3090, "nb_ventes": 194, "evolution_prix_pct": -10.2, "part_passoires_dpe_pct": 5.4, "fiabilite": "élevée", "url": "https://vendsmonbien.com/prix-immobilier/44-loire-atlantique/la-montagne/"}}, {"type": "Feature", "geometry": {"type": "Point", "coordinates": [-2.1813, 47.144]}, "properties": {"code_insee": "44126", "nom": "La Plaine-sur-Mer", "departement": "Loire-Atlantique", "prix_m2_median": 3950, "prix_m2_median_maison": 3940, "prix_m2_median_appartement": 4290, "nb_ventes": 257, "evolution_prix_pct": -10.2, "part_passoires_dpe_pct": 16.2, "fiabilite": "élevée", "url": "https://vendsmonbien.com/prix-immobilier/44-loire-atlantique/la-plaine-sur-mer/"}}, {"type": "Feature", "geometry": {"type": "Point", "coordinates": [-1.4382, 47.0244]}, "properties": {"code_insee": "44127", "nom": "La Planche", "departement": "Loire-Atlantique", "prix_m2_median": 2320, "prix_m2_median_maison": 2320, "prix_m2_median_appartement": null, "nb_ventes": 52, "evolution_prix_pct": -8.9, "part_passoires_dpe_pct": 8.8, "fiabilite": "bonne", "url": "https://vendsmonbien.com/prix-immobilier/44-loire-atlantique/la-planche/"}}, {"type": "Feature", "geometry": {"type": "Point", "coordinates": [-1.1931, 47.1837]}, "properties": {"code_insee": "44140", "nom": "La Regrippière", "departement": "Loire-Atlantique", "prix_m2_median": 2080, "prix_m2_median_maison": 2080, "prix_m2_median_appartement": null, "nb_ventes": 41, "evolution_prix_pct": null, "part_passoires_dpe_pct": 16.3, "fiabilite": "bonne", "url": "https://vendsmonbien.com/prix-immobilier/44-loire-atlantique/la-regrippiere/"}}, {"type": "Feature", "geometry": {"type": "Point", "coordinates": [-1.2249, 47.2286]}, "properties": {"code_insee": "44141", "nom": "La Remaudière", "departement": "Loire-Atlantique", "prix_m2_median": 2200, "prix_m2_median_maison": 2200, "prix_m2_median_appartement": null, "nb_ventes": 31, "evolution_prix_pct": null, "part_passoires_dpe_pct": 7.8, "fiabilite": "bonne", "url": "https://vendsmonbien.com/prix-immobilier/44-loire-atlantique/la-remaudiere/"}}, {"type": "Feature", "geometry": {"type": "Point", "coordinates": [-1.1413, 47.435]}, "properties": {"code_insee": "44222", "nom": "La Roche-Blanche", "departement": "Loire-Atlantique", "prix_m2_median": 2050, "prix_m2_median_maison": 2050, "prix_m2_median_appartement": null, "nb_ventes": 31, "evolution_prix_pct": null, "part_passoires_dpe_pct": 14.4, "fiabilite": "bonne", "url": "https://vendsmonbien.com/prix-immobilier/44-loire-atlantique/la-roche-blanche/"}}, {"type": "Feature", "geometry": {"type": "Point", "coordinates": [-2.4906, 47.3402]}, "properties": {"code_insee": "44211", "nom": "La Turballe", "departement": "Loire-Atlantique", "prix_m2_median": 4360, "prix_m2_median_maison": 4000, "prix_m2_median_appartement": 5000, "nb_ventes": 333, "evolution_prix_pct": 10.6, "part_passoires_dpe_pct": 10.1, "fiabilite": "élevée", "url": "https://vendsmonbien.com/prix-immobilier/44-loire-atlantique/la-turballe/"}}, {"type": "Feature", "geometry": {"type": "Point", "coordinates": [-1.9571, 47.3202]}, "properties": {"code_insee": "44080", "nom": "Lavau-sur-Loire", "departement": "Loire-Atlantique", "prix_m2_median": 2400, "prix_m2_median_maison": 2400, "prix_m2_median_appartement": null, "nb_ventes": 16, "evolution_prix_pct": null, "part_passoires_dpe_pct": null, "fiabilite": "indicative", "url": "https://vendsmonbien.com/prix-immobilier/44-loire-atlantique/lavau-sur-loire/"}}, {"type": "Feature", "geometry": {"type": "Point", "coordinates": [-1.5048, 47.1]}, "properties": {"code_insee": "44014", "nom": "Le Bignon", "departement": "Loire-Atlantique", "prix_m2_median": 2880, "prix_m2_median_maison": 2880, "prix_m2_median_appartement": null, "nb_ventes": 99, "evolution_prix_pct": -3.4, "part_passoires_dpe_pct": 5.7, "fiabilite": "bonne", "url": "https://vendsmonbien.com/prix-immobilier/44-loire-atlantique/le-bignon/"}}, {"type": "Feature", "geometry": {"type": "Point", "coordinates": [-1.3553, 47.3375]}, "properties": {"code_insee": "44028", "nom": "Le Cellier", "departement": "Loire-Atlantique", "prix_m2_median": 2610, "prix_m2_median_maison": 2700, "prix_m2_median_appartement": 1840, "nb_ventes": 71, "evolution_prix_pct": -5.8, "part_passoires_dpe_pct": 11.4, "fiabilite": "bonne", "url": "https://vendsmonbien.com/prix-immobilier/44-loire-atlantique/le-cellier/"}}, {"type": "Feature", "geometry": {"type": "Point", "coordinates": [-2.5245, 47.2942]}, "properties": {"code_insee": "44049", "nom": "Le Croisic", "departement": "Loire-Atlantique", "prix_m2_median": 4400, "prix_m2_median_maison": 4530, "prix_m2_median_appartement": 4310, "nb_ventes": 412, "evolution_prix_pct": -9.7, "part_passoires_dpe_pct": 10.3, "fiabilite": "élevée", "url": "https://vendsmonbien.com/prix-immobilier/44-loire-atlantique/le-croisic/"}}, {"type": "Feature", "geometry": {"type": "Point", "coordinates": [-1.8046, 47.5328]}, "properties": {"code_insee": "44062", "nom": "Le Gâvre", "departement": "Loire-Atlantique", "prix_m2_median": 2040, "prix_m2_median_maison": 2040, "prix_m2_median_appartement": null, "nb_ventes": 67, "evolution_prix_pct": -19.1, "part_passoires_dpe_pct": 7.5, "fiabilite": "bonne", "url": "https://vendsmonbien.com/prix-immobilier/44-loire-atlantique/le-gavre/"}}, {"type": "Feature", "geometry": {"type": "Point", "coordinates": [-1.5713, 46.9026]}, "properties": {"code_insee": "44081", "nom": "Legé", "departement": "Loire-Atlantique", "prix_m2_median": 1880, "prix_m2_median_maison": 1880, "prix_m2_median_appartement": null, "nb_ventes": 134, "evolution_prix_pct": -3.5, "part_passoires_dpe_pct": 12.8, "fiabilite": "élevée", "url": "https://vendsmonbien.com/prix-immobilier/44-loire-atlantique/lege/"}}, {"type": "Feature", "geometry": {"type": "Point", "coordinates": [-1.3006, 47.2089]}, "properties": {"code_insee": "44079", "nom": "Le Landreau", "departement": "Loire-Atlantique", "prix_m2_median": 2440, "prix_m2_median_maison": 2450, "prix_m2_median_appartement": null, "nb_ventes": 79, "evolution_prix_pct": -2.8, "part_passoires_dpe_pct": 9.3, "fiabilite": "bonne", "url": "https://vendsmonbien.com/prix-immobilier/44-loire-atlantique/le-landreau/"}}, {"type": "Feature", "geometry": {"type": "Point", "coordinates": [-1.3272, 47.2325]}, "properties": {"code_insee": "44084", "nom": "Le Loroux-Bottereau", "departement": "Loire-Atlantique", "prix_m2_median": 2820, "prix_m2_median_maison": 2770, "prix_m2_median_appartement": 3210, "nb_ventes": 213, "evolution_prix_pct": -7.2, "part_passoires_dpe_pct": 6.1, "fiabilite": "élevée", "url": "https://vendsmonbien.com/prix-immobilier/44-loire-atlantique/le-loroux-bottereau/"}}, {"type": "Feature", "geometry": {"type": "Point", "coordinates": [-1.3464, 47.1424]}, "properties": {"code_insee": "44117", "nom": "Le Pallet", "departement": "Loire-Atlantique", "prix_m2_median": 2610, "prix_m2_median_maison": 2620, "prix_m2_median_appartement": 2550, "nb_ventes": 113, "evolution_prix_pct": -13.8, "part_passoires_dpe_pct": 7.8, "fiabilite": "élevée", "url": "https://vendsmonbien.com/prix-immobilier/44-loire-atlantique/le-pallet/"}}, {"type": "Feature", "geometry": {"type": "Point", "coordinates": [-1.8377, 47.2341]}, "properties": {"code_insee": "44120", "nom": "Le Pellerin", "departement": "Loire-Atlantique", "prix_m2_median": 2700, "prix_m2_median_maison": 2700, "prix_m2_median_appartement": 2640, "nb_ventes": 141, "evolution_prix_pct": -8.7, "part_passoires_dpe_pct": 7.6, "fiabilite": "élevée", "url": "https://vendsmonbien.com/prix-immobilier/44-loire-atlantique/le-pellerin/"}}, {"type": "Feature", "geometry": {"type": "Point", "coordinates": [-1.1456, 47.5924]}, "properties": {"code_insee": "44124", "nom": "Le Pin", "departement": "Loire-Atlantique", "prix_m2_median": 1370, "prix_m2_median_maison": 1370, "prix_m2_median_appartement": null, "nb_ventes": 17, "evolution_prix_pct": null, "part_passoires_dpe_pct": null, "fiabilite": "indicative", "url": "https://vendsmonbien.com/prix-immobilier/44-loire-atlantique/le-pin/"}}, {"type": "Feature", "geometry": {"type": "Point", "coordinates": [-2.4333, 47.2733]}, "properties": {"code_insee": "44135", "nom": "Le Pouliguen", "departement": "Loire-Atlantique", "prix_m2_median": 5290, "prix_m2_median_maison": 5330, "prix_m2_median_appartement": 5250, "nb_ventes": 429, "evolution_prix_pct": -11.5, "part_passoires_dpe_pct": 16.3, "fiabilite": "élevée", "url": "https://vendsmonbien.com/prix-immobilier/44-loire-atlantique/le-pouliguen/"}}, {"type": "Feature", "geometry": {"type": "Point", "coordinates": [-1.9883, 47.0552]}, "properties": {"code_insee": "44106", "nom": "Les Moutiers-en-Retz", "departement": "Loire-Atlantique", "prix_m2_median": 3930, "prix_m2_median_maison": 4110, "prix_m2_median_appartement": 3080, "nb_ventes": 108, "evolution_prix_pct": -0.3, "part_passoires_dpe_pct": 18.9, "fiabilite": "élevée", "url": "https://vendsmonbien.com/prix-immobilier/44-loire-atlantique/les-moutiers-en-retz/"}}, {"type": "Feature", "geometry": {"type": "Point", "coordinates": [-1.5195, 47.142]}, "properties": {"code_insee": "44198", "nom": "Les Sorinières", "departement": "Loire-Atlantique", "prix_m2_median": 3250, "prix_m2_median_maison": 3250, "prix_m2_median_appartement": 3250, "nb_ventes": 295, "evolution_prix_pct": -11.1, "part_passoires_dpe_pct": 4.7, "fiabilite": "élevée", "url": "https://vendsmonbien.com/prix-immobilier/44-loire-atlantique/les-sorinieres/"}}, {"type": "Feature", "geometry": {"type": "Point", "coordinates": [-1.4166, 47.4552]}, "properties": {"code_insee": "44205", "nom": "Les Touches", "departement": "Loire-Atlantique", "prix_m2_median": 2390, "prix_m2_median_maison": 2390, "prix_m2_median_appartement": null, "nb_ventes": 46, "evolution_prix_pct": -19.7, "part_passoires_dpe_pct": 9.8, "fiabilite": "bonne", "url": "https://vendsmonbien.com/prix-immobilier/44-loire-atlantique/les-touches/"}}, {"type": "Feature", "geometry": {"type": "Point", "coordinates": [-1.7892, 47.3299]}, "properties": {"code_insee": "44203", "nom": "Le Temple-de-Bretagne", "departement": "Loire-Atlantique", "prix_m2_median": 2940, "prix_m2_median_maison": 2950, "prix_m2_median_appartement": null, "nb_ventes": 54, "evolution_prix_pct": -10.0, "part_passoires_dpe_pct": 2.2, "fiabilite": "bonne", "url": "https://vendsmonbien.com/prix-immobilier/44-loire-atlantique/le-temple-de-bretagne/"}}, {"type": "Feature", "geometry": {"type": "Point", "coordinates": [-1.3792, 47.4035]}, "properties": {"code_insee": "44082", "nom": "Ligné", "departement": "Loire-Atlantique", "prix_m2_median": 2550, "prix_m2_median_maison": 2570, "prix_m2_median_appartement": null, "nb_ventes": 106, "evolution_prix_pct": -16.4, "part_passoires_dpe_pct": 4.7, "fiabilite": "élevée", "url": "https://vendsmonbien.com/prix-immobilier/44-loire-atlantique/ligne/"}}, {"type": "Feature", "geometry": {"type": "Point", "coordinates": [-1.0319, 47.4352]}, "properties": {"code_insee": "44213", "nom": "Loireauxence", "departement": "Loire-Atlantique", "prix_m2_median": 1820, "prix_m2_median_maison": 1830, "prix_m2_median_appartement": null, "nb_ventes": 153, "evolution_prix_pct": -1.6, "part_passoires_dpe_pct": 13.4, "fiabilite": "élevée", "url": "https://vendsmonbien.com/prix-immobilier/44-loire-atlantique/loireauxence/"}}, {"type": "Feature", "geometry": {"type": "Point", "coordinates": [-1.4281, 47.67]}, "properties": {"code_insee": "44085", "nom": "Louisfert", "departement": "Loire-Atlantique", "prix_m2_median": 1540, "prix_m2_median_maison": 1540, "prix_m2_median_appartement": null, "nb_ventes": 15, "evolution_prix_pct": null, "part_passoires_dpe_pct": null, "fiabilite": "indicative", "url": "https://vendsmonbien.com/prix-immobilier/44-loire-atlantique/louisfert/"}}, {"type": "Feature", "geometry": {"type": "Point", "coordinates": [-1.5844, 47.6752]}, "properties": {"code_insee": "44086", "nom": "Lusanger", "departement": "Loire-Atlantique", "prix_m2_median": 1570, "prix_m2_median_maison": 1570, "prix_m2_median_appartement": null, "nb_ventes": 30, "evolution_prix_pct": null, "part_passoires_dpe_pct": 9.8, "fiabilite": "bonne", "url": "https://vendsmonbien.com/prix-immobilier/44-loire-atlantique/lusanger/"}}, {"type": "Feature", "geometry": {"type": "Point", "coordinates": [-1.8063, 47.0057]}, "properties": {"code_insee": "44087", "nom": "Machecoul-Saint-Même", "departement": "Loire-Atlantique", "prix_m2_median": 2400, "prix_m2_median_maison": 2390, "prix_m2_median_appartement": 2410, "nb_ventes": 248, "evolution_prix_pct": -7.0, "part_passoires_dpe_pct": 8.4, "fiabilite": "élevée", "url": "https://vendsmonbien.com/prix-immobilier/44-loire-atlantique/machecoul-saint-meme/"}}, {"type": "Feature", "geometry": {"type": "Point", "coordinates": [-1.3884, 47.1181]}, "properties": {"code_insee": "44088", "nom": "Maisdon-sur-Sèvre", "departement": "Loire-Atlantique", "prix_m2_median": 2650, "prix_m2_median_maison": 2660, "prix_m2_median_appartement": 2420, "nb_ventes": 76, "evolution_prix_pct": -0.7, "part_passoires_dpe_pct": 10.3, "fiabilite": "bonne", "url": "https://vendsmonbien.com/prix-immobilier/44-loire-atlantique/maisdon-sur-sevre/"}}, {"type": "Feature", "geometry": {"type": "Point", "coordinates": [-1.8451, 47.3441]}, "properties": {"code_insee": "44089", "nom": "Malville", "departement": "Loire-Atlantique", "prix_m2_median": 2650, "prix_m2_median_maison": 2650, "prix_m2_median_appartement": null, "nb_ventes": 76, "evolution_prix_pct": 15.9, "part_passoires_dpe_pct": 7.2, "fiabilite": "bonne", "url": "https://vendsmonbien.com/prix-immobilier/44-loire-atlantique/malville/"}}, {"type": "Feature", "geometry": {"type": "Point", "coordinates": [-1.6967, 47.5948]}, "properties": {"code_insee": "44091", "nom": "Marsac-sur-Don", "departement": "Loire-Atlantique", "prix_m2_median": 1840, "prix_m2_median_maison": 1840, "prix_m2_median_appartement": null, "nb_ventes": 60, "evolution_prix_pct": 17.8, "part_passoires_dpe_pct": 12.2, "fiabilite": "bonne", "url": "https://vendsmonbien.com/prix-immobilier/44-loire-atlantique/marsac-sur-don/"}}, {"type": "Feature", "geometry": {"type": "Point", "coordinates": [-1.9099, 47.675]}, "properties": {"code_insee": "44092", "nom": "Massérac", "departement": "Loire-Atlantique", "prix_m2_median": 1690, "prix_m2_median_maison": 1690, "prix_m2_median_appartement": null, "nb_ventes": 21, "evolution_prix_pct": null, "part_passoires_dpe_pct": null, "fiabilite": "indicative", "url": "https://vendsmonbien.com/prix-immobilier/44-loire-atlantique/masserac/"}}, {"type": "Feature", "geometry": {"type": "Point", "coordinates": [-1.4019, 47.3146]}, "properties": {"code_insee": "44094", "nom": "Mauves-sur-Loire", "departement": "Loire-Atlantique", "prix_m2_median": 2870, "prix_m2_median_maison": 2950, "prix_m2_median_appartement": 2820, "nb_ventes": 80, "evolution_prix_pct": -8.2, "part_passoires_dpe_pct": 8.9, "fiabilite": "bonne", "url": "https://vendsmonbien.com/prix-immobilier/44-loire-atlantique/mauves-sur-loire/"}}, {"type": "Feature", "geometry": {"type": "Point", "coordinates": [-1.2324, 47.4307]}, "properties": {"code_insee": "44096", "nom": "Mésanger", "departement": "Loire-Atlantique", "prix_m2_median": 2340, "prix_m2_median_maison": 2340, "prix_m2_median_appartement": null, "nb_ventes": 73, "evolution_prix_pct": -0.4, "part_passoires_dpe_pct": 9.0, "fiabilite": "bonne", "url": "https://vendsmonbien.com/prix-immobilier/44-loire-atlantique/mesanger/"}}, {"type": "Feature", "geometry": {"type": "Point", "coordinates": [-2.4693, 47.3991]}, "properties": {"code_insee": "44097", "nom": "Mesquer", "departement": "Loire-Atlantique", "prix_m2_median": 3990, "prix_m2_median_maison": 3970, "prix_m2_median_appartement": 4150, "nb_ventes": 141, "evolution_prix_pct": -10.0, "part_passoires_dpe_pct": 15.3, "fiabilite": "élevée", "url": "https://vendsmonbien.com/prix-immobilier/44-loire-atlantique/mesquer/"}}, {"type": "Feature", "geometry": {"type": "Point", "coordinates": [-2.1765, 47.489]}, "properties": {"code_insee": "44098", "nom": "Missillac", "departement": "Loire-Atlantique", "prix_m2_median": 2220, "prix_m2_median_maison": 2220, "prix_m2_median_appartement": 2220, "nb_ventes": 107, "evolution_prix_pct": -22.7, "part_passoires_dpe_pct": 16.8, "fiabilite": "élevée", "url": "https://vendsmonbien.com/prix-immobilier/44-loire-atlantique/missillac/"}}, {"type": "Feature", "geometry": {"type": "Point", "coordinates": [-1.3661, 47.6269]}, "properties": {"code_insee": "44099", "nom": "Moisdon-la-Rivière", "departement": "Loire-Atlantique", "prix_m2_median": 1360, "prix_m2_median_maison": 1390, "prix_m2_median_appartement": null, "nb_ventes": 49, "evolution_prix_pct": 9.8, "part_passoires_dpe_pct": 18.7, "fiabilite": "bonne", "url": "https://vendsmonbien.com/prix-immobilier/44-loire-atlantique/moisdon-la-riviere/"}}, {"type": "Feature", "geometry": {"type": "Point", "coordinates": [-1.35, 47.1202]}, "properties": {"code_insee": "44100", "nom": "Monnières", "departement": "Loire-Atlantique", "prix_m2_median": 2650, "prix_m2_median_maison": 2650, "prix_m2_median_appartement": null, "nb_ventes": 59, "evolution_prix_pct": -11.3, "part_passoires_dpe_pct": 5.7, "fiabilite": "bonne", "url": "https://vendsmonbien.com/prix-immobilier/44-loire-atlantique/monnieres/"}}, {"type": "Feature", "geometry": {"type": "Point", "coordinates": [-1.4723, 47.0669]}, "properties": {"code_insee": "44102", "nom": "Montbert", "departement": "Loire-Atlantique", "prix_m2_median": 2560, "prix_m2_median_maison": 2560, "prix_m2_median_appartement": null, "nb_ventes": 65, "evolution_prix_pct": -0.4, "part_passoires_dpe_pct": 8.5, "fiabilite": "bonne", "url": "https://vendsmonbien.com/prix-immobilier/44-loire-atlantique/montbert/"}}, {"type": "Feature", "geometry": {"type": "Point", "coordinates": [-2.1539, 47.3238]}, "properties": {"code_insee": "44103", "nom": "Montoir-de-Bretagne", "departement": "Loire-Atlantique", "prix_m2_median": 2470, "prix_m2_median_maison": 2430, "prix_m2_median_appartement": 2630, "nb_ventes": 180, "evolution_prix_pct": 2.0, "part_passoires_dpe_pct": 4.5, "fiabilite": "élevée", "url": "https://vendsmonbien.com/prix-immobilier/44-loire-atlantique/montoir-de-bretagne/"}}, {"type": "Feature", "geometry": {"type": "Point", "coordinates": [-0.973, 47.4019]}, "properties": {"code_insee": "44104", "nom": "Montrelais", "departement": "Loire-Atlantique", "prix_m2_median": 1880, "prix_m2_median_maison": 1880, "prix_m2_median_appartement": null, "nb_ventes": 22, "evolution_prix_pct": null, "part_passoires_dpe_pct": null, "fiabilite": "indicative", "url": "https://vendsmonbien.com/prix-immobilier/44-loire-atlantique/montrelais/"}}, {"type": "Feature", "geometry": {"type": "Point", "coordinates": [-1.3272, 47.4414]}, "properties": {"code_insee": "44107", "nom": "Mouzeil", "departement": "Loire-Atlantique", "prix_m2_median": 2190, "prix_m2_median_maison": 2190, "prix_m2_median_appartement": null, "nb_ventes": 45, "evolution_prix_pct": -2.2, "part_passoires_dpe_pct": 12.2, "fiabilite": "bonne", "url": "https://vendsmonbien.com/prix-immobilier/44-loire-atlantique/mouzeil/"}}, {"type": "Feature", "geometry": {"type": "Point", "coordinates": [-1.274, 47.1291]}, "properties": {"code_insee": "44108", "nom": "Mouzillon", "departement": "Loire-Atlantique", "prix_m2_median": 2600, "prix_m2_median_maison": 2570, "prix_m2_median_appartement": null, "nb_ventes": 62, "evolution_prix_pct": -9.3, "part_passoires_dpe_pct": 9.7, "fiabilite": "bonne", "url": "https://vendsmonbien.com/prix-immobilier/44-loire-atlantique/mouzillon/"}}, {"type": "Feature", "geometry": {"type": "Point", "coordinates": [-1.5603, 47.2382]}, "properties": {"code_insee": "44109", "nom": "Nantes", "departement": "Loire-Atlantique", "prix_m2_median": 3660, "prix_m2_median_maison": 4320, "prix_m2_median_appartement": 3530, "nb_ventes": 13238, "evolution_prix_pct": -9.3, "part_passoires_dpe_pct": 5.4, "fiabilite": "élevée", "url": "https://vendsmonbien.com/prix-immobilier/44-loire-atlantique/nantes/"}}, {"type": "Feature", "geometry": {"type": "Point", "coordinates": [-1.5239, 47.4454]}, "properties": {"code_insee": "44110", "nom": "Nort-sur-Erdre", "departement": "Loire-Atlantique", "prix_m2_median": 2780, "prix_m2_median_maison": 2780, "prix_m2_median_appartement": 2850, "nb_ventes": 243, "evolution_prix_pct": -7.2, "part_passoires_dpe_pct": 8.4, "fiabilite": "élevée", "url": "https://vendsmonbien.com/prix-immobilier/44-loire-atlantique/nort-sur-erdre/"}}, {"type": "Feature", "geometry": {"type": "Point", "coordinates": [-1.7188, 47.3812]}, "properties": {"code_insee": "44111", "nom": "Notre-Dame-des-Landes", "departement": "Loire-Atlantique", "prix_m2_median": 2360, "prix_m2_median_maison": 2350, "prix_m2_median_appartement": null, "nb_ventes": 55, "evolution_prix_pct": -7.1, "part_passoires_dpe_pct": 11.0, "fiabilite": "bonne", "url": "https://vendsmonbien.com/prix-immobilier/44-loire-atlantique/notre-dame-des-landes/"}}, {"type": "Feature", "geometry": {"type": "Point", "coordinates": [-1.3438, 47.7756]}, "properties": {"code_insee": "44112", "nom": "Noyal-sur-Brutz", "departement": "Loire-Atlantique", "prix_m2_median": 1560, "prix_m2_median_maison": 1560, "prix_m2_median_appartement": null, "nb_ventes": 17, "evolution_prix_pct": null, "part_passoires_dpe_pct": null, "fiabilite": "indicative", "url": "https://vendsmonbien.com/prix-immobilier/44-loire-atlantique/noyal-sur-brutz/"}}, {"type": "Feature", "geometry": {"type": "Point", "coordinates": [-1.6027, 47.5727]}, "properties": {"code_insee": "44113", "nom": "Nozay", "departement": "Loire-Atlantique", "prix_m2_median": 2040, "prix_m2_median_maison": 2130, "prix_m2_median_appartement": 1900, "nb_ventes": 127, "evolution_prix_pct": -15.1, "part_passoires_dpe_pct": 9.1, "fiabilite": "élevée", "url": "https://vendsmonbien.com/prix-immobilier/44-loire-atlantique/nozay/"}}, {"type": "Feature", "geometry": {"type": "Point", "coordinates": [-1.6195, 47.2745]}, "properties": {"code_insee": "44114", "nom": "Orvault", "departement": "Loire-Atlantique", "prix_m2_median": 3330, "prix_m2_median_maison": 3570, "prix_m2_median_appartement": 2930, "nb_ventes": 968, "evolution_prix_pct": -8.5, "part_passoires_dpe_pct": 3.4, "fiabilite": "élevée", "url": "https://vendsmonbien.com/prix-immobilier/44-loire-atlantique/orvault/"}}, {"type": "Feature", "geometry": {"type": "Point", "coordinates": [-1.2676, 47.3532]}, "properties": {"code_insee": "44115", "nom": "Oudon", "departement": "Loire-Atlantique", "prix_m2_median": 2440, "prix_m2_median_maison": 2440, "prix_m2_median_appartement": null, "nb_ventes": 102, "evolution_prix_pct": 1.6, "part_passoires_dpe_pct": 16.0, "fiabilite": "élevée", "url": "https://vendsmonbien.com/prix-immobilier/44-loire-atlantique/oudon/"}}, {"type": "Feature", "geometry": {"type": "Point", "coordinates": [-2.028, 47.2912]}, "properties": {"code_insee": "44116", "nom": "Paimbœuf", "departement": "Loire-Atlantique", "prix_m2_median": 2060, "prix_m2_median_maison": 2180, "prix_m2_median_appartement": 1940, "nb_ventes": 136, "evolution_prix_pct": -12.6, "part_passoires_dpe_pct": 11.0, "fiabilite": "élevée", "url": "https://vendsmonbien.com/prix-immobilier/44-loire-atlantique/paimbuf/"}}, {"type": "Feature", "geometry": {"type": "Point", "coordinates": [-1.2148, 47.482]}, "properties": {"code_insee": "44118", "nom": "Pannecé", "departement": "Loire-Atlantique", "prix_m2_median": 1700, "prix_m2_median_maison": 1700, "prix_m2_median_appartement": null, "nb_ventes": 35, "evolution_prix_pct": null, "part_passoires_dpe_pct": 8.2, "fiabilite": "bonne", "url": "https://vendsmonbien.com/prix-immobilier/44-loire-atlantique/pannece/"}}, {"type": "Feature", "geometry": {"type": "Point", "coordinates": [-1.7835, 46.9612]}, "properties": {"code_insee": "44119", "nom": "Paulx", "departement": "Loire-Atlantique", "prix_m2_median": 2130, "prix_m2_median_maison": 2130, "prix_m2_median_appartement": null, "nb_ventes": 48, "evolution_prix_pct": null, "part_passoires_dpe_pct": 15.1, "fiabilite": "bonne", "url": "https://vendsmonbien.com/prix-immobilier/44-loire-atlantique/paulx/"}}, {"type": "Feature", "geometry": {"type": "Point", "coordinates": [-1.457, 47.4063]}, "properties": {"code_insee": "44122", "nom": "Petit-Mars", "departement": "Loire-Atlantique", "prix_m2_median": 2620, "prix_m2_median_maison": 2620, "prix_m2_median_appartement": null, "nb_ventes": 75, "evolution_prix_pct": -13.4, "part_passoires_dpe_pct": 7.8, "fiabilite": "bonne", "url": "https://vendsmonbien.com/prix-immobilier/44-loire-atlantique/petit-mars/"}}, {"type": "Feature", "geometry": {"type": "Point", "coordinates": [-1.7816, 47.689]}, "properties": {"code_insee": "44123", "nom": "Pierric", "departement": "Loire-Atlantique", "prix_m2_median": 1450, "prix_m2_median_maison": 1450, "prix_m2_median_appartement": null, "nb_ventes": 28, "evolution_prix_pct": null, "part_passoires_dpe_pct": null, "fiabilite": "indicative", "url": "https://vendsmonbien.com/prix-immobilier/44-loire-atlantique/pierric/"}}, {"type": "Feature", "geometry": {"type": "Point", "coordinates": [-2.5449, 47.3838]}, "properties": {"code_insee": "44125", "nom": "Piriac-sur-Mer", "departement": "Loire-Atlantique", "prix_m2_median": 4480, "prix_m2_median_maison": 4420, "prix_m2_median_appartement": 4590, "nb_ventes": 185, "evolution_prix_pct": -3.9, "part_passoires_dpe_pct": 12.3, "fiabilite": "élevée", "url": "https://vendsmonbien.com/prix-immobilier/44-loire-atlantique/piriac-sur-mer/"}}, {"type": "Feature", "geometry": {"type": "Point", "coordinates": [-1.8831, 47.5578]}, "properties": {"code_insee": "44128", "nom": "Plessé", "departement": "Loire-Atlantique", "prix_m2_median": 1840, "prix_m2_median_maison": 1830, "prix_m2_median_appartement": null, "nb_ventes": 138, "evolution_prix_pct": 1.6, "part_passoires_dpe_pct": 10.0, "fiabilite": "élevée", "url": "https://vendsmonbien.com/prix-immobilier/44-loire-atlantique/plesse/"}}, {"type": "Feature", "geometry": {"type": "Point", "coordinates": [-2.092, 47.4365]}, "properties": {"code_insee": "44129", "nom": "Pontchâteau", "departement": "Loire-Atlantique", "prix_m2_median": 2350, "prix_m2_median_maison": 2330, "prix_m2_median_appartement": 2560, "nb_ventes": 329, "evolution_prix_pct": 7.7, "part_passoires_dpe_pct": 9.4, "fiabilite": "élevée", "url": "https://vendsmonbien.com/prix-immobilier/44-loire-atlantique/pontchateau/"}}, {"type": "Feature", "geometry": {"type": "Point", "coordinates": [-1.5683, 47.1266]}, "properties": {"code_insee": "44130", "nom": "Pont-Saint-Martin", "departement": "Loire-Atlantique", "prix_m2_median": 3090, "prix_m2_median_maison": 3060, "prix_m2_median_appartement": 3260, "nb_ventes": 165, "evolution_prix_pct": -4.4, "part_passoires_dpe_pct": 6.5, "fiabilite": "élevée", "url": "https://vendsmonbien.com/prix-immobilier/44-loire-atlantique/pont-saint-martin/"}}, {"type": "Feature", "geometry": {"type": "Point", "coordinates": [-2.0569, 47.1302]}, "properties": {"code_insee": "44131", "nom": "Pornic", "departement": "Loire-Atlantique", "prix_m2_median": 5000, "prix_m2_median_maison": 4770, "prix_m2_median_appartement": 5230, "nb_ventes": 789, "evolution_prix_pct": -2.8, "part_passoires_dpe_pct": 11.3, "fiabilite": "élevée", "url": "https://vendsmonbien.com/prix-immobilier/44-loire-atlantique/pornic/"}}, {"type": "Feature", "geometry": {"type": "Point", "coordinates": [-2.3225, 47.2599]}, "properties": {"code_insee": "44132", "nom": "Pornichet", "departement": "Loire-Atlantique", "prix_m2_median": 5740, "prix_m2_median_maison": 5230, "prix_m2_median_appartement": 6040, "nb_ventes": 906, "evolution_prix_pct": -3.1, "part_passoires_dpe_pct": 8.4, "fiabilite": "élevée", "url": "https://vendsmonbien.com/prix-immobilier/44-loire-atlantique/pornichet/"}}, {"type": "Feature", "geometry": {"type": "Point", "coordinates": [-1.7674, 47.1383]}, "properties": {"code_insee": "44133", "nom": "Port-Saint-Père", "departement": "Loire-Atlantique", "prix_m2_median": 2860, "prix_m2_median_maison": 2910, "prix_m2_median_appartement": 2740, "nb_ventes": 81, "evolution_prix_pct": -6.1, "part_passoires_dpe_pct": 13.5, "fiabilite": "bonne", "url": "https://vendsmonbien.com/prix-immobilier/44-loire-atlantique/port-saint-pere/"}}, {"type": "Feature", "geometry": {"type": "Point", "coordinates": [-1.184, 47.4666]}, "properties": {"code_insee": "44134", "nom": "Pouillé-les-Côteaux", "departement": "Loire-Atlantique", "prix_m2_median": 1990, "prix_m2_median_maison": 1990, "prix_m2_median_appartement": null, "nb_ventes": 24, "evolution_prix_pct": null, "part_passoires_dpe_pct": null, "fiabilite": "indicative", "url": "https://vendsmonbien.com/prix-immobilier/44-loire-atlantique/pouille-les-coteaux/"}}, {"type": "Feature", "geometry": {"type": "Point", "coordinates": [-2.2106, 47.133]}, "properties": {"code_insee": "44136", "nom": "Préfailles", "departement": "Loire-Atlantique", "prix_m2_median": 5000, "prix_m2_median_maison": 5050, "prix_m2_median_appartement": 4530, "nb_ventes": 127, "evolution_prix_pct": -8.1, "part_passoires_dpe_pct": 19.0, "fiabilite": "élevée", "url": "https://vendsmonbien.com/prix-immobilier/44-loire-atlantique/prefailles/"}}, {"type": "Feature", "geometry": {"type": "Point", "coordinates": [-2.0239, 47.3784]}, "properties": {"code_insee": "44137", "nom": "Prinquiau", "departement": "Loire-Atlantique", "prix_m2_median": 2420, "prix_m2_median_maison": 2430, "prix_m2_median_appartement": null, "nb_ventes": 52, "evolution_prix_pct": -17.6, "part_passoires_dpe_pct": 16.6, "fiabilite": "bonne", "url": "https://vendsmonbien.com/prix-immobilier/44-loire-atlantique/prinquiau/"}}, {"type": "Feature", "geometry": {"type": "Point", "coordinates": [-1.6119, 47.5142]}, "properties": {"code_insee": "44138", "nom": "Puceul", "departement": "Loire-Atlantique", "prix_m2_median": 2250, "prix_m2_median_maison": 2220, "prix_m2_median_appartement": null, "nb_ventes": 34, "evolution_prix_pct": null, "part_passoires_dpe_pct": 6.8, "fiabilite": "bonne", "url": "https://vendsmonbien.com/prix-immobilier/44-loire-atlantique/puceul/"}}, {"type": "Feature", "geometry": {"type": "Point", "coordinates": [-1.9438, 47.4624]}, "properties": {"code_insee": "44139", "nom": "Quilly", "departement": "Loire-Atlantique", "prix_m2_median": 2010, "prix_m2_median_maison": 2010, "prix_m2_median_appartement": null, "nb_ventes": 16, "evolution_prix_pct": null, "part_passoires_dpe_pct": null, "fiabilite": "indicative", "url": "https://vendsmonbien.com/prix-immobilier/44-loire-atlantique/quilly/"}}, {"type": "Feature", "geometry": {"type": "Point", "coordinates": [-1.3877, 47.0362]}, "properties": {"code_insee": "44142", "nom": "Remouillé", "departement": "Loire-Atlantique", "prix_m2_median": 2370, "prix_m2_median_maison": 2370, "prix_m2_median_appartement": null, "nb_ventes": 42, "evolution_prix_pct": null, "part_passoires_dpe_pct": 12.0, "fiabilite": "bonne", "url": "https://vendsmonbien.com/prix-immobilier/44-loire-atlantique/remouille/"}}, {"type": "Feature", "geometry": {"type": "Point", "coordinates": [-1.5573, 47.1733]}, "properties": {"code_insee": "44143", "nom": "Rezé", "departement": "Loire-Atlantique", "prix_m2_median": 3050, "prix_m2_median_maison": 3450, "prix_m2_median_appartement": 2650, "nb_ventes": 1812, "evolution_prix_pct": -6.2, "part_passoires_dpe_pct": 5.4, "fiabilite": "élevée", "url": "https://vendsmonbien.com/prix-immobilier/44-loire-atlantique/reze/"}}, {"type": "Feature", "geometry": {"type": "Point", "coordinates": [-1.3095, 47.5209]}, "properties": {"code_insee": "44144", "nom": "Riaillé", "departement": "Loire-Atlantique", "prix_m2_median": 1620, "prix_m2_median_maison": 1620, "prix_m2_median_appartement": null, "nb_ventes": 63, "evolution_prix_pct": 7.5, "part_passoires_dpe_pct": 8.9, "fiabilite": "bonne", "url": "https://vendsmonbien.com/prix-immobilier/44-loire-atlantique/riaille/"}}, {"type": "Feature", "geometry": {"type": "Point", "coordinates": [-1.8462, 47.18]}, "properties": {"code_insee": "44145", "nom": "Rouans", "departement": "Loire-Atlantique", "prix_m2_median": 2710, "prix_m2_median_maison": 2710, "prix_m2_median_appartement": null, "nb_ventes": 42, "evolution_prix_pct": -23.7, "part_passoires_dpe_pct": 8.1, "fiabilite": "bonne", "url": "https://vendsmonbien.com/prix-immobilier/44-loire-atlantique/rouans/"}}, {"type": "Feature", "geometry": {"type": "Point", "coordinates": [-1.4342, 47.7673]}, "properties": {"code_insee": "44146", "nom": "Rougé", "departement": "Loire-Atlantique", "prix_m2_median": 1260, "prix_m2_median_maison": 1260, "prix_m2_median_appartement": null, "nb_ventes": 44, "evolution_prix_pct": -10.1, "part_passoires_dpe_pct": 17.9, "fiabilite": "bonne", "url": "https://vendsmonbien.com/prix-immobilier/44-loire-atlantique/rouge/"}}, {"type": "Feature", "geometry": {"type": "Point", "coordinates": [-1.5205, 47.7662]}, "properties": {"code_insee": "44148", "nom": "Ruffigné", "departement": "Loire-Atlantique", "prix_m2_median": 1320, "prix_m2_median_maison": 1320, "prix_m2_median_appartement": null, "nb_ventes": 21, "evolution_prix_pct": null, "part_passoires_dpe_pct": null, "fiabilite": "indicative", "url": "https://vendsmonbien.com/prix-immobilier/44-loire-atlantique/ruffigne/"}}, {"type": "Feature", "geometry": {"type": "Point", "coordinates": [-1.5807, 47.4924]}, "properties": {"code_insee": "44149", "nom": "Saffré", "departement": "Loire-Atlantique", "prix_m2_median": 2230, "prix_m2_median_maison": 2230, "prix_m2_median_appartement": null, "nb_ventes": 83, "evolution_prix_pct": 2.3, "part_passoires_dpe_pct": 9.9, "fiabilite": "bonne", "url": "https://vendsmonbien.com/prix-immobilier/44-loire-atlantique/saffre/"}}, {"type": "Feature", "geometry": {"type": "Point", "coordinates": [-1.6191, 47.1296]}, "properties": {"code_insee": "44150", "nom": "Saint-Aignan-Grandlieu", "departement": "Loire-Atlantique", "prix_m2_median": 2940, "prix_m2_median_maison": 2930, "prix_m2_median_appartement": null, "nb_ventes": 71, "evolution_prix_pct": 10.9, "part_passoires_dpe_pct": 7.9, "fiabilite": "bonne", "url": "https://vendsmonbien.com/prix-immobilier/44-loire-atlantique/saint-aignan-grandlieu/"}}, {"type": "Feature", "geometry": {"type": "Point", "coordinates": [-2.3116, 47.3272]}, "properties": {"code_insee": "44151", "nom": "Saint-André-des-Eaux", "departement": "Loire-Atlantique", "prix_m2_median": 3280, "prix_m2_median_maison": 3250, "prix_m2_median_appartement": 3490, "nb_ventes": 170, "evolution_prix_pct": -5.5, "part_passoires_dpe_pct": 5.7, "fiabilite": "élevée", "url": "https://vendsmonbien.com/prix-immobilier/44-loire-atlantique/saint-andre-des-eaux/"}}, {"type": "Feature", "geometry": {"type": "Point", "coordinates": [-1.4674, 47.7118]}, "properties": {"code_insee": "44153", "nom": "Saint-Aubin-des-Châteaux", "departement": "Loire-Atlantique", "prix_m2_median": 1550, "prix_m2_median_maison": 1550, "prix_m2_median_appartement": null, "nb_ventes": 44, "evolution_prix_pct": -11.2, "part_passoires_dpe_pct": 10.2, "fiabilite": "bonne", "url": "https://vendsmonbien.com/prix-immobilier/44-loire-atlantique/saint-aubin-des-chateaux/"}}, {"type": "Feature", "geometry": {"type": "Point", "coordinates": [-2.154, 47.2441]}, "properties": {"code_insee": "44154", "nom": "Saint-Brevin-les-Pins", "departement": "Loire-Atlantique", "prix_m2_median": 4000, "prix_m2_median_maison": 3860, "prix_m2_median_appartement": 4220, "nb_ventes": 838, "evolution_prix_pct": -10.3, "part_passoires_dpe_pct": 13.7, "fiabilite": "élevée", "url": "https://vendsmonbien.com/prix-immobilier/44-loire-atlantique/saint-brevin-les-pins/"}}, {"type": "Feature", "geometry": {"type": "Point", "coordinates": [-1.5526, 47.0175]}, "properties": {"code_insee": "44155", "nom": "Saint-Colomban", "departement": "Loire-Atlantique", "prix_m2_median": 2340, "prix_m2_median_maison": 2340, "prix_m2_median_appartement": null, "nb_ventes": 62, "evolution_prix_pct": 3.6, "part_passoires_dpe_pct": 14.4, "fiabilite": "bonne", "url": "https://vendsmonbien.com/prix-immobilier/44-loire-atlantique/saint-colomban/"}}, {"type": "Feature", "geometry": {"type": "Point", "coordinates": [-2.0288, 47.4541]}, "properties": {"code_insee": "44152", "nom": "Sainte-Anne-sur-Brivet", "departement": "Loire-Atlantique", "prix_m2_median": 2270, "prix_m2_median_maison": 2270, "prix_m2_median_appartement": null, "nb_ventes": 70, "evolution_prix_pct": -6.5, "part_passoires_dpe_pct": 12.5, "fiabilite": "bonne", "url": "https://vendsmonbien.com/prix-immobilier/44-loire-atlantique/sainte-anne-sur-brivet/"}}, {"type": "Feature", "geometry": {"type": "Point", "coordinates": [-1.4704, 47.2529]}, "properties": {"code_insee": "44172", "nom": "Sainte-Luce-sur-Loire", "departement": "Loire-Atlantique", "prix_m2_median": 3330, "prix_m2_median_maison": 3330, "prix_m2_median_appartement": 3330, "nb_ventes": 541, "evolution_prix_pct": -6.9, "part_passoires_dpe_pct": 2.6, "fiabilite": "élevée", "url": "https://vendsmonbien.com/prix-immobilier/44-loire-atlantique/sainte-luce-sur-loire/"}}, {"type": "Feature", "geometry": {"type": "Point", "coordinates": [-1.8184, 47.0864]}, "properties": {"code_insee": "44186", "nom": "Sainte-Pazanne", "departement": "Loire-Atlantique", "prix_m2_median": 2830, "prix_m2_median_maison": 2870, "prix_m2_median_appartement": 2540, "nb_ventes": 175, "evolution_prix_pct": -13.1, "part_passoires_dpe_pct": 6.0, "fiabilite": "élevée", "url": "https://vendsmonbien.com/prix-immobilier/44-loire-atlantique/sainte-pazanne/"}}, {"type": "Feature", "geometry": {"type": "Point", "coordinates": [-2.1838, 47.4421]}, "properties": {"code_insee": "44189", "nom": "Sainte-Reine-de-Bretagne", "departement": "Loire-Atlantique", "prix_m2_median": 2170, "prix_m2_median_maison": 2170, "prix_m2_median_appartement": null, "nb_ventes": 59, "evolution_prix_pct": 0.5, "part_passoires_dpe_pct": 16.0, "fiabilite": "bonne", "url": "https://vendsmonbien.com/prix-immobilier/44-loire-atlantique/sainte-reine-de-bretagne/"}}, {"type": "Feature", "geometry": {"type": "Point", "coordinates": [-1.7172, 46.9464]}, "properties": {"code_insee": "44157", "nom": "Saint-Étienne-de-Mer-Morte", "departement": "Loire-Atlantique", "prix_m2_median": 1850, "prix_m2_median_maison": 1850, "prix_m2_median_appartement": null, "nb_ventes": 44, "evolution_prix_pct": null, "part_passoires_dpe_pct": 15.6, "fiabilite": "bonne", "url": "https://vendsmonbien.com/prix-immobilier/44-loire-atlantique/saint-etienne-de-mer-morte/"}}, {"type": "Feature", "geometry": {"type": "Point", "coordinates": [-1.7902, 47.2694]}, "properties": {"code_insee": "44158", "nom": "Saint-Étienne-de-Montluc", "departement": "Loire-Atlantique", "prix_m2_median": 3010, "prix_m2_median_maison": 3020, "prix_m2_median_appartement": 2940, "nb_ventes": 173, "evolution_prix_pct": -7.5, "part_passoires_dpe_pct": 9.7, "fiabilite": "élevée", "url": "https://vendsmonbien.com/prix-immobilier/44-loire-atlantique/saint-etienne-de-montluc/"}}, {"type": "Feature", "geometry": {"type": "Point", "coordinates": [-1.4198, 47.1419]}, "properties": {"code_insee": "44159", "nom": "Saint-Fiacre-sur-Maine", "departement": "Loire-Atlantique", "prix_m2_median": 2720, "prix_m2_median_maison": 2720, "prix_m2_median_appartement": null, "nb_ventes": 35, "evolution_prix_pct": null, "part_passoires_dpe_pct": 11.0, "fiabilite": "bonne", "url": "https://vendsmonbien.com/prix-immobilier/44-loire-atlantique/saint-fiacre-sur-maine/"}}, {"type": "Feature", "geometry": {"type": "Point", "coordinates": [-2.0639, 47.5099]}, "properties": {"code_insee": "44161", "nom": "Saint-Gildas-des-Bois", "departement": "Loire-Atlantique", "prix_m2_median": 1900, "prix_m2_median_maison": 1900, "prix_m2_median_appartement": null, "nb_ventes": 72, "evolution_prix_pct": -10.0, "part_passoires_dpe_pct": 11.2, "fiabilite": "bonne", "url": "https://vendsmonbien.com/prix-immobilier/44-loire-atlantique/saint-gildas-des-bois/"}}, {"type": "Feature", "geometry": {"type": "Point", "coordinates": [-1.6306, 47.2246]}, "properties": {"code_insee": "44162", "nom": "Saint-Herblain", "departement": "Loire-Atlantique", "prix_m2_median": 2870, "prix_m2_median_maison": 3220, "prix_m2_median_appartement": 2640, "nb_ventes": 2041, "evolution_prix_pct": -6.9, "part_passoires_dpe_pct": 3.0, "fiabilite": "élevée", "url": "https://vendsmonbien.com/prix-immobilier/44-loire-atlantique/saint-herblain/"}}, {"type": "Feature", "geometry": {"type": "Point", "coordinates": [-1.874, 47.0999]}, "properties": {"code_insee": "44164", "nom": "Saint-Hilaire-de-Chaléons", "departement": "Loire-Atlantique", "prix_m2_median": 2480, "prix_m2_median_maison": 2480, "prix_m2_median_appartement": null, "nb_ventes": 55, "evolution_prix_pct": -7.6, "part_passoires_dpe_pct": 15.5, "fiabilite": "bonne", "url": "https://vendsmonbien.com/prix-immobilier/44-loire-atlantique/saint-hilaire-de-chaleons/"}}, {"type": "Feature", "geometry": {"type": "Point", "coordinates": [-1.3182, 47.06]}, "properties": {"code_insee": "44165", "nom": "Saint-Hilaire-de-Clisson", "departement": "Loire-Atlantique", "prix_m2_median": 2410, "prix_m2_median_maison": 2410, "prix_m2_median_appartement": null, "nb_ventes": 48, "evolution_prix_pct": 7.5, "part_passoires_dpe_pct": 15.3, "fiabilite": "bonne", "url": "https://vendsmonbien.com/prix-immobilier/44-loire-atlantique/saint-hilaire-de-clisson/"}}, {"type": "Feature", "geometry": {"type": "Point", "coordinates": [-1.7198, 47.1919]}, "properties": {"code_insee": "44166", "nom": "Saint-Jean-de-Boiseau", "departement": "Loire-Atlantique", "prix_m2_median": 2940, "prix_m2_median_maison": 2940, "prix_m2_median_appartement": 2870, "nb_ventes": 156, "evolution_prix_pct": -8.4, "part_passoires_dpe_pct": 4.7, "fiabilite": "élevée", "url": "https://vendsmonbien.com/prix-immobilier/44-loire-atlantique/saint-jean-de-boiseau/"}}, {"type": "Feature", "geometry": {"type": "Point", "coordinates": [-2.2429, 47.3731]}, "properties": {"code_insee": "44168", "nom": "Saint-Joachim", "departement": "Loire-Atlantique", "prix_m2_median": 2060, "prix_m2_median_maison": 2060, "prix_m2_median_appartement": null, "nb_ventes": 139, "evolution_prix_pct": -0.9, "part_passoires_dpe_pct": 15.4, "fiabilite": "élevée", "url": "https://vendsmonbien.com/prix-immobilier/44-loire-atlantique/saint-joachim/"}}, {"type": "Feature", "geometry": {"type": "Point", "coordinates": [-1.4036, 47.2469]}, "properties": {"code_insee": "44169", "nom": "Saint-Julien-de-Concelles", "departement": "Loire-Atlantique", "prix_m2_median": 3050, "prix_m2_median_maison": 3000, "prix_m2_median_appartement": 3390, "nb_ventes": 192, "evolution_prix_pct": -0.6, "part_passoires_dpe_pct": 7.8, "fiabilite": "élevée", "url": "https://vendsmonbien.com/prix-immobilier/44-loire-atlantique/saint-julien-de-concelles/"}}, {"type": "Feature", "geometry": {"type": "Point", "coordinates": [-1.7118, 47.1443]}, "properties": {"code_insee": "44171", "nom": "Saint-Léger-les-Vignes", "departement": "Loire-Atlantique", "prix_m2_median": 2720, "prix_m2_median_maison": 2670, "prix_m2_median_appartement": null, "nb_ventes": 37, "evolution_prix_pct": null, "part_passoires_dpe_pct": 5.7, "fiabilite": "bonne", "url": "https://vendsmonbien.com/prix-immobilier/44-loire-atlantique/saint-leger-les-vignes/"}}, {"type": "Feature", "geometry": {"type": "Point", "coordinates": [-1.3647, 47.0795]}, "properties": {"code_insee": "44173", "nom": "Saint-Lumine-de-Clisson", "departement": "Loire-Atlantique", "prix_m2_median": 2540, "prix_m2_median_maison": 2540, "prix_m2_median_appartement": null, "nb_ventes": 51, "evolution_prix_pct": 1.6, "part_passoires_dpe_pct": 9.9, "fiabilite": "bonne", "url": "https://vendsmonbien.com/prix-immobilier/44-loire-atlantique/saint-lumine-de-clisson/"}}, {"type": "Feature", "geometry": {"type": "Point", "coordinates": [-1.7235, 47.0578]}, "properties": {"code_insee": "44174", "nom": "Saint-Lumine-de-Coutais", "departement": "Loire-Atlantique", "prix_m2_median": 2340, "prix_m2_median_maison": 2340, "prix_m2_median_appartement": null, "nb_ventes": 72, "evolution_prix_pct": 1.8, "part_passoires_dpe_pct": 6.6, "fiabilite": "bonne", "url": "https://vendsmonbien.com/prix-immobilier/44-loire-atlantique/saint-lumine-de-coutais/"}}, {"type": "Feature", "geometry": {"type": "Point", "coordinates": [-2.3437, 47.3788]}, "properties": {"code_insee": "44175", "nom": "Saint-Lyphard", "departement": "Loire-Atlantique", "prix_m2_median": 3000, "prix_m2_median_maison": 3000, "prix_m2_median_appartement": null, "nb_ventes": 96, "evolution_prix_pct": -10.6, "part_passoires_dpe_pct": 10.6, "fiabilite": "bonne", "url": "https://vendsmonbien.com/prix-immobilier/44-loire-atlantique/saint-lyphard/"}}, {"type": "Feature", "geometry": {"type": "Point", "coordinates": [-2.173, 47.3608]}, "properties": {"code_insee": "44176", "nom": "Saint-Malo-de-Guersac", "departement": "Loire-Atlantique", "prix_m2_median": 2350, "prix_m2_median_maison": 2350, "prix_m2_median_appartement": null, "nb_ventes": 78, "evolution_prix_pct": -7.6, "part_passoires_dpe_pct": 8.1, "fiabilite": "bonne", "url": "https://vendsmonbien.com/prix-immobilier/44-loire-atlantique/saint-malo-de-guersac/"}}, {"type": "Feature", "geometry": {"type": "Point", "coordinates": [-1.7457, 47.0779]}, "properties": {"code_insee": "44178", "nom": "Saint-Mars-de-Coutais", "departement": "Loire-Atlantique", "prix_m2_median": 2710, "prix_m2_median_maison": 2710, "prix_m2_median_appartement": null, "nb_ventes": 48, "evolution_prix_pct": -0.7, "part_passoires_dpe_pct": 10.2, "fiabilite": "bonne", "url": "https://vendsmonbien.com/prix-immobilier/44-loire-atlantique/saint-mars-de-coutais/"}}, {"type": "Feature", "geometry": {"type": "Point", "coordinates": [-1.4369, 47.3537]}, "properties": {"code_insee": "44179", "nom": "Saint-Mars-du-Désert", "departement": "Loire-Atlantique", "prix_m2_median": 2760, "prix_m2_median_maison": 2760, "prix_m2_median_appartement": null, "nb_ventes": 103, "evolution_prix_pct": -7.7, "part_passoires_dpe_pct": 8.7, "fiabilite": "élevée", "url": "https://vendsmonbien.com/prix-immobilier/44-loire-atlantique/saint-mars-du-desert/"}}, {"type": "Feature", "geometry": {"type": "Point", "coordinates": [-2.1238, 47.1705]}, "properties": {"code_insee": "44182", "nom": "Saint-Michel-Chef-Chef", "departement": "Loire-Atlantique", "prix_m2_median": 4170, "prix_m2_median_maison": 4190, "prix_m2_median_appartement": 3900, "nb_ventes": 362, "evolution_prix_pct": -3.1, "part_passoires_dpe_pct": 19.3, "fiabilite": "élevée", "url": "https://vendsmonbien.com/prix-immobilier/44-loire-atlantique/saint-michel-chef-chef/"}}, {"type": "Feature", "geometry": {"type": "Point", "coordinates": [-2.4139, 47.3862]}, "properties": {"code_insee": "44183", "nom": "Saint-Molf", "departement": "Loire-Atlantique", "prix_m2_median": 2990, "prix_m2_median_maison": 2990, "prix_m2_median_appartement": null, "nb_ventes": 55, "evolution_prix_pct": -3.0, "part_passoires_dpe_pct": 4.1, "fiabilite": "bonne", "url": "https://vendsmonbien.com/prix-immobilier/44-loire-atlantique/saint-molf/"}}, {"type": "Feature", "geometry": {"type": "Point", "coordinates": [-2.2392, 47.2768]}, "properties": {"code_insee": "44184", "nom": "Saint-Nazaire", "departement": "Loire-Atlantique", "prix_m2_median": 2920, "prix_m2_median_maison": 2940, "prix_m2_median_appartement": 2900, "nb_ventes": 2992, "evolution_prix_pct": -5.3, "part_passoires_dpe_pct": 5.4, "fiabilite": "élevée", "url": "https://vendsmonbien.com/prix-immobilier/44-loire-atlantique/saint-nazaire/"}}, {"type": "Feature", "geometry": {"type": "Point", "coordinates": [-2.0522, 47.6364]}, "properties": {"code_insee": "44185", "nom": "Saint-Nicolas-de-Redon", "departement": "Loire-Atlantique", "prix_m2_median": 2130, "prix_m2_median_maison": 1950, "prix_m2_median_appartement": 2320, "nb_ventes": 97, "evolution_prix_pct": 8.0, "part_passoires_dpe_pct": 13.4, "fiabilite": "bonne", "url": "https://vendsmonbien.com/prix-immobilier/44-loire-atlantique/saint-nicolas-de-redon/"}}, {"type": "Feature", "geometry": {"type": "Point", "coordinates": [-2.0714, 47.2379]}, "properties": {"code_insee": "44187", "nom": "Saint-Père-en-Retz", "departement": "Loire-Atlantique", "prix_m2_median": 2820, "prix_m2_median_maison": 2840, "prix_m2_median_appartement": 2540, "nb_ventes": 119, "evolution_prix_pct": -3.4, "part_passoires_dpe_pct": 10.0, "fiabilite": "élevée", "url": "https://vendsmonbien.com/prix-immobilier/44-loire-atlantique/saint-pere-en-retz/"}}, {"type": "Feature", "geometry": {"type": "Point", "coordinates": [-1.6443, 47.0689]}, "properties": {"code_insee": "44188", "nom": "Saint-Philbert-de-Grand-Lieu", "departement": "Loire-Atlantique", "prix_m2_median": 2750, "prix_m2_median_maison": 2730, "prix_m2_median_appartement": 3080, "nb_ventes": 209, "evolution_prix_pct": -7.5, "part_passoires_dpe_pct": 6.3, "fiabilite": "élevée", "url": "https://vendsmonbien.com/prix-immobilier/44-loire-atlantique/saint-philbert-de-grand-lieu/"}}, {"type": "Feature", "geometry": {"type": "Point", "coordinates": [-1.5023, 47.2065]}, "properties": {"code_insee": "44190", "nom": "Saint-Sébastien-sur-Loire", "departement": "Loire-Atlantique", "prix_m2_median": 3380, "prix_m2_median_maison": 3530, "prix_m2_median_appartement": 3280, "nb_ventes": 1173, "evolution_prix_pct": -7.2, "part_passoires_dpe_pct": 3.6, "fiabilite": "élevée", "url": "https://vendsmonbien.com/prix-immobilier/44-loire-atlantique/saint-sebastien-sur-loire/"}}, {"type": "Feature", "geometry": {"type": "Point", "coordinates": [-1.987, 47.2418]}, "properties": {"code_insee": "44192", "nom": "Saint-Viaud", "departement": "Loire-Atlantique", "prix_m2_median": 2690, "prix_m2_median_maison": 2720, "prix_m2_median_appartement": null, "nb_ventes": 73, "evolution_prix_pct": -13.5, "part_passoires_dpe_pct": 14.6, "fiabilite": "bonne", "url": "https://vendsmonbien.com/prix-immobilier/44-loire-atlantique/saint-viaud/"}}, {"type": "Feature", "geometry": {"type": "Point", "coordinates": [-1.5026, 47.6606]}, "properties": {"code_insee": "44193", "nom": "Saint-Vincent-des-Landes", "departement": "Loire-Atlantique", "prix_m2_median": 1290, "prix_m2_median_maison": 1290, "prix_m2_median_appartement": null, "nb_ventes": 32, "evolution_prix_pct": null, "part_passoires_dpe_pct": 15.7, "fiabilite": "bonne", "url": "https://vendsmonbien.com/prix-immobilier/44-loire-atlantique/saint-vincent-des-landes/"}}, {"type": "Feature", "geometry": {"type": "Point", "coordinates": [-1.6839, 47.275]}, "properties": {"code_insee": "44194", "nom": "Sautron", "departement": "Loire-Atlantique", "prix_m2_median": 3660, "prix_m2_median_maison": 3660, "prix_m2_median_appartement": 3650, "nb_ventes": 231, "evolution_prix_pct": -9.3, "part_passoires_dpe_pct": 2.1, "fiabilite": "élevée", "url": "https://vendsmonbien.com/prix-immobilier/44-loire-atlantique/sautron/"}}, {"type": "Feature", "geometry": {"type": "Point", "coordinates": [-1.9203, 47.3542]}, "properties": {"code_insee": "44195", "nom": "Savenay", "departement": "Loire-Atlantique", "prix_m2_median": 2750, "prix_m2_median_maison": 2790, "prix_m2_median_appartement": 2580, "nb_ventes": 242, "evolution_prix_pct": 3.0, "part_passoires_dpe_pct": 6.1, "fiabilite": "élevée", "url": "https://vendsmonbien.com/prix-immobilier/44-loire-atlantique/savenay/"}}, {"type": "Feature", "geometry": {"type": "Point", "coordinates": [-2.0656, 47.5534]}, "properties": {"code_insee": "44196", "nom": "Sévérac", "departement": "Loire-Atlantique", "prix_m2_median": 1820, "prix_m2_median_maison": 1820, "prix_m2_median_appartement": null, "nb_ventes": 42, "evolution_prix_pct": -11.0, "part_passoires_dpe_pct": 18.5, "fiabilite": "bonne", "url": "https://vendsmonbien.com/prix-immobilier/44-loire-atlantique/severac/"}}, {"type": "Feature", "geometry": {"type": "Point", "coordinates": [-1.5762, 47.7274]}, "properties": {"code_insee": "44197", "nom": "Sion-les-Mines", "departement": "Loire-Atlantique", "prix_m2_median": 1240, "prix_m2_median_maison": 1240, "prix_m2_median_appartement": null, "nb_ventes": 58, "evolution_prix_pct": 3.3, "part_passoires_dpe_pct": 15.3, "fiabilite": "bonne", "url": "https://vendsmonbien.com/prix-immobilier/44-loire-atlantique/sion-les-mines/"}}, {"type": "Feature", "geometry": {"type": "Point", "coordinates": [-1.2871, 47.7262]}, "properties": {"code_insee": "44199", "nom": "Soudan", "departement": "Loire-Atlantique", "prix_m2_median": 1560, "prix_m2_median_maison": 1560, "prix_m2_median_appartement": null, "nb_ventes": 41, "evolution_prix_pct": 8.7, "part_passoires_dpe_pct": 14.1, "fiabilite": "bonne", "url": "https://vendsmonbien.com/prix-immobilier/44-loire-atlantique/soudan/"}}, {"type": "Feature", "geometry": {"type": "Point", "coordinates": [-1.4482, 47.8205]}, "properties": {"code_insee": "44200", "nom": "Soulvache", "departement": "Loire-Atlantique", "prix_m2_median": 1250, "prix_m2_median_maison": 1250, "prix_m2_median_appartement": null, "nb_ventes": 19, "evolution_prix_pct": null, "part_passoires_dpe_pct": null, "fiabilite": "indicative", "url": "https://vendsmonbien.com/prix-immobilier/44-loire-atlantique/soulvache/"}}, {"type": "Feature", "geometry": {"type": "Point", "coordinates": [-1.5237, 47.35]}, "properties": {"code_insee": "44201", "nom": "Sucé-sur-Erdre", "departement": "Loire-Atlantique", "prix_m2_median": 3580, "prix_m2_median_maison": 3560, "prix_m2_median_appartement": 3660, "nb_ventes": 122, "evolution_prix_pct": -15.7, "part_passoires_dpe_pct": 6.4, "fiabilite": "élevée", "url": "https://vendsmonbien.com/prix-immobilier/44-loire-atlantique/suce-sur-erdre/"}}, {"type": "Feature", "geometry": {"type": "Point", "coordinates": [-1.2838, 47.4654]}, "properties": {"code_insee": "44202", "nom": "Teillé", "departement": "Loire-Atlantique", "prix_m2_median": 1770, "prix_m2_median_maison": 1770, "prix_m2_median_appartement": null, "nb_ventes": 36, "evolution_prix_pct": null, "part_passoires_dpe_pct": 9.4, "fiabilite": "bonne", "url": "https://vendsmonbien.com/prix-immobilier/44-loire-atlantique/teille/"}}, {"type": "Feature", "geometry": {"type": "Point", "coordinates": [-1.4294, 47.2755]}, "properties": {"code_insee": "44204", "nom": "Thouaré-sur-Loire", "departement": "Loire-Atlantique", "prix_m2_median": 3380, "prix_m2_median_maison": 3370, "prix_m2_median_appartement": 3390, "nb_ventes": 297, "evolution_prix_pct": -9.4, "part_passoires_dpe_pct": 2.4, "fiabilite": "élevée", "url": "https://vendsmonbien.com/prix-immobilier/44-loire-atlantique/thouare-sur-loire/"}}, {"type": "Feature", "geometry": {"type": "Point", "coordinates": [-1.685, 46.9098]}, "properties": {"code_insee": "44206", "nom": "Touvois", "departement": "Loire-Atlantique", "prix_m2_median": 1910, "prix_m2_median_maison": 1910, "prix_m2_median_appartement": null, "nb_ventes": 66, "evolution_prix_pct": -13.6, "part_passoires_dpe_pct": 12.0, "fiabilite": "bonne", "url": "https://vendsmonbien.com/prix-immobilier/44-loire-atlantique/touvois/"}}, {"type": "Feature", "geometry": {"type": "Point", "coordinates": [-1.3597, 47.4854]}, "properties": {"code_insee": "44207", "nom": "Trans-sur-Erdre", "departement": "Loire-Atlantique", "prix_m2_median": 1940, "prix_m2_median_maison": 1940, "prix_m2_median_appartement": null, "nb_ventes": 29, "evolution_prix_pct": null, "part_passoires_dpe_pct": null, "fiabilite": "indicative", "url": "https://vendsmonbien.com/prix-immobilier/44-loire-atlantique/trans-sur-erdre/"}}, {"type": "Feature", "geometry": {"type": "Point", "coordinates": [-1.5281, 47.614]}, "properties": {"code_insee": "44208", "nom": "Treffieux", "departement": "Loire-Atlantique", "prix_m2_median": 1620, "prix_m2_median_maison": 1620, "prix_m2_median_appartement": null, "nb_ventes": 34, "evolution_prix_pct": null, "part_passoires_dpe_pct": 13.5, "fiabilite": "bonne", "url": "https://vendsmonbien.com/prix-immobilier/44-loire-atlantique/treffieux/"}}, {"type": "Feature", "geometry": {"type": "Point", "coordinates": [-1.6312, 47.3146]}, "properties": {"code_insee": "44209", "nom": "Treillières", "departement": "Loire-Atlantique", "prix_m2_median": 3160, "prix_m2_median_maison": 3160, "prix_m2_median_appartement": 3170, "nb_ventes": 192, "evolution_prix_pct": -2.5, "part_passoires_dpe_pct": 2.1, "fiabilite": "élevée", "url": "https://vendsmonbien.com/prix-immobilier/44-loire-atlantique/treillieres/"}}, {"type": "Feature", "geometry": {"type": "Point", "coordinates": [-2.2052, 47.3116]}, "properties": {"code_insee": "44210", "nom": "Trignac", "departement": "Loire-Atlantique", "prix_m2_median": 2500, "prix_m2_median_maison": 2420, "prix_m2_median_appartement": 2780, "nb_ventes": 274, "evolution_prix_pct": -4.6, "part_passoires_dpe_pct": 6.0, "fiabilite": "élevée", "url": "https://vendsmonbien.com/prix-immobilier/44-loire-atlantique/trignac/"}}, {"type": "Feature", "geometry": {"type": "Point", "coordinates": [-1.1095, 47.4019]}, "properties": {"code_insee": "44163", "nom": "Vair-sur-Loire", "departement": "Loire-Atlantique", "prix_m2_median": 2110, "prix_m2_median_maison": 2140, "prix_m2_median_appartement": 1840, "nb_ventes": 95, "evolution_prix_pct": 6.8, "part_passoires_dpe_pct": 11.7, "fiabilite": "bonne", "url": "https://vendsmonbien.com/prix-immobilier/44-loire-atlantique/vair-sur-loire/"}}, {"type": "Feature", "geometry": {"type": "Point", "coordinates": [-1.2645, 47.1763]}, "properties": {"code_insee": "44212", "nom": "Vallet", "departement": "Loire-Atlantique", "prix_m2_median": 2720, "prix_m2_median_maison": 2660, "prix_m2_median_appartement": 3190, "nb_ventes": 273, "evolution_prix_pct": -12.3, "part_passoires_dpe_pct": 7.3, "fiabilite": "élevée", "url": "https://vendsmonbien.com/prix-immobilier/44-loire-atlantique/vallet/"}}, {"type": "Feature", "geometry": {"type": "Point", "coordinates": [-1.1414, 47.5349]}, "properties": {"code_insee": "44180", "nom": "Vallons-de-l'Erdre", "departement": "Loire-Atlantique", "prix_m2_median": 1720, "prix_m2_median_maison": 1760, "prix_m2_median_appartement": 1480, "nb_ventes": 66, "evolution_prix_pct": -27.9, "part_passoires_dpe_pct": 14.5, "fiabilite": "bonne", "url": "https://vendsmonbien.com/prix-immobilier/44-loire-atlantique/vallons-de-lerdre/"}}, {"type": "Feature", "geometry": {"type": "Point", "coordinates": [-1.7031, 47.5381]}, "properties": {"code_insee": "44214", "nom": "Vay", "departement": "Loire-Atlantique", "prix_m2_median": 1960, "prix_m2_median_maison": 1980, "prix_m2_median_appartement": null, "nb_ventes": 48, "evolution_prix_pct": -9.7, "part_passoires_dpe_pct": 14.3, "fiabilite": "bonne", "url": "https://vendsmonbien.com/prix-immobilier/44-loire-atlantique/vay/"}}, {"type": "Feature", "geometry": {"type": "Point", "coordinates": [-1.4679, 47.1532]}, "properties": {"code_insee": "44215", "nom": "Vertou", "departement": "Loire-Atlantique", "prix_m2_median": 3470, "prix_m2_median_maison": 3450, "prix_m2_median_appartement": 3530, "nb_ventes": 838, "evolution_prix_pct": -6.9, "part_passoires_dpe_pct": 5.0, "fiabilite": "élevée", "url": "https://vendsmonbien.com/prix-immobilier/44-loire-atlantique/vertou/"}}, {"type": "Feature", "geometry": {"type": "Point", "coordinates": [-1.4172, 46.9702]}, "properties": {"code_insee": "44216", "nom": "Vieillevigne", "departement": "Loire-Atlantique", "prix_m2_median": 2190, "prix_m2_median_maison": 2180, "prix_m2_median_appartement": null, "nb_ventes": 102, "evolution_prix_pct": -9.7, "part_passoires_dpe_pct": 8.5, "fiabilite": "élevée", "url": "https://vendsmonbien.com/prix-immobilier/44-loire-atlantique/vieillevigne/"}}, {"type": "Feature", "geometry": {"type": "Point", "coordinates": [-1.7198, 47.317]}, "properties": {"code_insee": "44217", "nom": "Vigneux-de-Bretagne", "departement": "Loire-Atlantique", "prix_m2_median": 3010, "prix_m2_median_maison": 2990, "prix_m2_median_appartement": 3470, "nb_ventes": 104, "evolution_prix_pct": 1.3, "part_passoires_dpe_pct": 6.3, "fiabilite": "élevée", "url": "https://vendsmonbien.com/prix-immobilier/44-loire-atlantique/vigneux-de-bretagne/"}}, {"type": "Feature", "geometry": {"type": "Point", "coordinates": [-1.9019, 47.035]}, "properties": {"code_insee": "44021", "nom": "Villeneuve-en-Retz", "departement": "Loire-Atlantique", "prix_m2_median": 2300, "prix_m2_median_maison": 2310, "prix_m2_median_appartement": 2270, "nb_ventes": 137, "evolution_prix_pct": -3.4, "part_passoires_dpe_pct": 14.5, "fiabilite": "élevée", "url": "https://vendsmonbien.com/prix-immobilier/44-loire-atlantique/villeneuve-en-retz/"}}, {"type": "Feature", "geometry": {"type": "Point", "coordinates": [-1.2856, 47.7686]}, "properties": {"code_insee": "44218", "nom": "Villepot", "departement": "Loire-Atlantique", "prix_m2_median": 1460, "prix_m2_median_maison": 1460, "prix_m2_median_appartement": null, "nb_ventes": 21, "evolution_prix_pct": null, "part_passoires_dpe_pct": null, "fiabilite": "indicative", "url": "https://vendsmonbien.com/prix-immobilier/44-loire-atlantique/villepot/"}}, {"type": "Feature", "geometry": {"type": "Point", "coordinates": [-1.8968, 47.1996]}, "properties": {"code_insee": "44220", "nom": "Vue", "departement": "Loire-Atlantique", "prix_m2_median": 2500, "prix_m2_median_maison": 2530, "prix_m2_median_appartement": null, "nb_ventes": 38, "evolution_prix_pct": null, "part_passoires_dpe_pct": 14.1, "fiabilite": "bonne", "url": "https://vendsmonbien.com/prix-immobilier/44-loire-atlantique/vue/"}}, {"type": "Feature", "geometry": {"type": "Point", "coordinates": [0.0923, 48.431]}, "properties": {"code_insee": "61001", "nom": "Alençon", "departement": "Orne", "prix_m2_median": 1440, "prix_m2_median_maison": 1590, "prix_m2_median_appartement": 1230, "nb_ventes": 797, "evolution_prix_pct": 0.7, "part_passoires_dpe_pct": 11.8, "fiabilite": "élevée", "url": "https://vendsmonbien.com/prix-immobilier/61-orne/alencon/"}}, {"type": "Feature", "geometry": {"type": "Point", "coordinates": [0.1242, 48.6975]}, "properties": {"code_insee": "61002", "nom": "Almenêches", "departement": "Orne", "prix_m2_median": 1260, "prix_m2_median_maison": 1260, "prix_m2_median_appartement": null, "nb_ventes": 24, "evolution_prix_pct": null, "part_passoires_dpe_pct": null, "fiabilite": "indicative", "url": "https://vendsmonbien.com/prix-immobilier/61-orne/almeneches/"}}, {"type": "Feature", "geometry": {"type": "Point", "coordinates": [-0.013, 48.7263]}, "properties": {"code_insee": "61006", "nom": "Argentan", "departement": "Orne", "prix_m2_median": 1510, "prix_m2_median_maison": 1610, "prix_m2_median_appartement": 1420, "nb_ventes": 294, "evolution_prix_pct": -3.2, "part_passoires_dpe_pct": 9.8, "fiabilite": "élevée", "url": "https://vendsmonbien.com/prix-immobilier/61-orne/argentan/"}}, {"type": "Feature", "geometry": {"type": "Point", "coordinates": [-0.4621, 48.7934]}, "properties": {"code_insee": "61007", "nom": "Athis-Val de Rouvre", "departement": "Orne", "prix_m2_median": 1440, "prix_m2_median_maison": 1440, "prix_m2_median_appartement": null, "nb_ventes": 67, "evolution_prix_pct": 15.0, "part_passoires_dpe_pct": 15.6, "fiabilite": "bonne", "url": "https://vendsmonbien.com/prix-immobilier/61-orne/athis-val-de-rouvre/"}}, {"type": "Feature", "geometry": {"type": "Point", "coordinates": [0.5479, 48.7312]}, "properties": {"code_insee": "61008", "nom": "Aube", "departement": "Orne", "prix_m2_median": 1560, "prix_m2_median_maison": 1560, "prix_m2_median_appartement": null, "nb_ventes": 45, "evolution_prix_pct": null, "part_passoires_dpe_pct": 26.1, "fiabilite": "bonne", "url": "https://vendsmonbien.com/prix-immobilier/61-orne/aube/"}}, {"type": "Feature", "geometry": {"type": "Point", "coordinates": [-0.4174, 48.5696]}, "properties": {"code_insee": "61483", "nom": "Bagnoles de l'Orne Normandie", "departement": "Orne", "prix_m2_median": 1990, "prix_m2_median_maison": 1820, "prix_m2_median_appartement": 2000, "nb_ventes": 261, "evolution_prix_pct": 7.8, "part_passoires_dpe_pct": 15.4, "fiabilite": "élevée", "url": "https://vendsmonbien.com/prix-immobilier/61-orne/bagnoles-de-lorne-normandie/"}}, {"type": "Feature", "geometry": {"type": "Point", "coordinates": [-0.2674, 48.8271]}, "properties": {"code_insee": "61028", "nom": "Bazoches-au-Houlme", "departement": "Orne", "prix_m2_median": 1230, "prix_m2_median_maison": 1230, "prix_m2_median_appartement": null, "nb_ventes": 17, "evolution_prix_pct": null, "part_passoires_dpe_pct": null, "fiabilite": "indicative", "url": "https://vendsmonbien.com/prix-immobilier/61-orne/bazoches-au-houlme/"}}, {"type": "Feature", "geometry": {"type": "Point", "coordinates": [0.4644, 48.5509]}, "properties": {"code_insee": "61029", "nom": "Bazoches-sur-Hoëne", "departement": "Orne", "prix_m2_median": 1620, "prix_m2_median_maison": 1620, "prix_m2_median_appartement": null, "nb_ventes": 25, "evolution_prix_pct": null, "part_passoires_dpe_pct": null, "fiabilite": "indicative", "url": "https://vendsmonbien.com/prix-immobilier/61-orne/bazoches-sur-hoene/"}}, {"type": "Feature", "geometry": {"type": "Point", "coordinates": [0.5039, 48.3841]}, "properties": {"code_insee": "61196", "nom": "Belforêt-en-Perche", "departement": "Orne", "prix_m2_median": 1560, "prix_m2_median_maison": 1560, "prix_m2_median_appartement": null, "nb_ventes": 49, "evolution_prix_pct": 7.8, "part_passoires_dpe_pct": 32.6, "fiabilite": "bonne", "url": "https://vendsmonbien.com/prix-immobilier/61-orne/belforet-en-perche/"}}, {"type": "Feature", "geometry": {"type": "Point", "coordinates": [0.5638, 48.3719]}, "properties": {"code_insee": "61038", "nom": "Bellême", "departement": "Orne", "prix_m2_median": 2210, "prix_m2_median_maison": 1960, "prix_m2_median_appartement": null, "nb_ventes": 55, "evolution_prix_pct": -9.6, "part_passoires_dpe_pct": 21.4, "fiabilite": "bonne", "url": "https://vendsmonbien.com/prix-immobilier/61-orne/belleme/"}}, {"type": "Feature", "geometry": {"type": "Point", "coordinates": [0.7411, 48.3517]}, "properties": {"code_insee": "61043", "nom": "Berd'huis", "departement": "Orne", "prix_m2_median": 1510, "prix_m2_median_maison": 1510, "prix_m2_median_appartement": null, "nb_ventes": 16, "evolution_prix_pct": null, "part_passoires_dpe_pct": null, "fiabilite": "indicative", "url": "https://vendsmonbien.com/prix-immobilier/61-orne/berdhuis/"}}, {"type": "Feature", "geometry": {"type": "Point", "coordinates": [0.9055, 48.4388]}, "properties": {"code_insee": "61061", "nom": "Bretoncelles", "departement": "Orne", "prix_m2_median": 1330, "prix_m2_median_maison": 1330, "prix_m2_median_appartement": null, "nb_ventes": 27, "evolution_prix_pct": null, "part_passoires_dpe_pct": null, "fiabilite": "indicative", "url": "https://vendsmonbien.com/prix-immobilier/61-orne/bretoncelles/"}}, {"type": "Feature", "geometry": {"type": "Point", "coordinates": [-0.3852, 48.7084]}, "properties": {"code_insee": "61063", "nom": "Briouze", "departement": "Orne", "prix_m2_median": 1300, "prix_m2_median_maison": 1330, "prix_m2_median_appartement": null, "nb_ventes": 32, "evolution_prix_pct": null, "part_passoires_dpe_pct": 10.0, "fiabilite": "bonne", "url": "https://vendsmonbien.com/prix-immobilier/61-orne/briouze/"}}, {"type": "Feature", "geometry": {"type": "Point", "coordinates": [-0.6321, 48.4892]}, "properties": {"code_insee": "61075", "nom": "Ceaucé", "departement": "Orne", "prix_m2_median": 1260, "prix_m2_median_maison": 1260, "prix_m2_median_appartement": null, "nb_ventes": 27, "evolution_prix_pct": null, "part_passoires_dpe_pct": null, "fiabilite": "indicative", "url": "https://vendsmonbien.com/prix-immobilier/61-orne/ceauce/"}}, {"type": "Feature", "geometry": {"type": "Point", "coordinates": [0.1314, 48.4451]}, "properties": {"code_insee": "61077", "nom": "Cerisé", "departement": "Orne", "prix_m2_median": 1720, "prix_m2_median_maison": 1720, "prix_m2_median_appartement": null, "nb_ventes": 18, "evolution_prix_pct": null, "part_passoires_dpe_pct": null, "fiabilite": "indicative", "url": "https://vendsmonbien.com/prix-immobilier/61-orne/cerise/"}}, {"type": "Feature", "geometry": {"type": "Point", "coordinates": [0.7563, 48.2209]}, "properties": {"code_insee": "61079", "nom": "Ceton", "departement": "Orne", "prix_m2_median": 1330, "prix_m2_median_maison": 1330, "prix_m2_median_appartement": null, "nb_ventes": 45, "evolution_prix_pct": 28.6, "part_passoires_dpe_pct": 32.3, "fiabilite": "bonne", "url": "https://vendsmonbien.com/prix-immobilier/61-orne/ceton/"}}, {"type": "Feature", "geometry": {"type": "Point", "coordinates": [0.2124, 48.6597]}, "properties": {"code_insee": "61081", "nom": "Chailloué", "departement": "Orne", "prix_m2_median": 1250, "prix_m2_median_maison": 1250, "prix_m2_median_appartement": null, "nb_ventes": 19, "evolution_prix_pct": null, "part_passoires_dpe_pct": null, "fiabilite": "indicative", "url": "https://vendsmonbien.com/prix-immobilier/61-orne/chailloue/"}}, {"type": "Feature", "geometry": {"type": "Point", "coordinates": [-0.6733, 48.7242]}, "properties": {"code_insee": "61093", "nom": "Chanu", "departement": "Orne", "prix_m2_median": 1300, "prix_m2_median_maison": 1300, "prix_m2_median_appartement": null, "nb_ventes": 24, "evolution_prix_pct": null, "part_passoires_dpe_pct": null, "fiabilite": "indicative", "url": "https://vendsmonbien.com/prix-immobilier/61-orne/chanu/"}}, {"type": "Feature", "geometry": {"type": "Point", "coordinates": [0.7597, 48.6394]}, "properties": {"code_insee": "61429", "nom": "Charencey", "departement": "Orne", "prix_m2_median": 1500, "prix_m2_median_maison": 1500, "prix_m2_median_appartement": null, "nb_ventes": 18, "evolution_prix_pct": null, "part_passoires_dpe_pct": null, "fiabilite": "indicative", "url": "https://vendsmonbien.com/prix-immobilier/61-orne/charencey/"}}, {"type": "Feature", "geometry": {"type": "Point", "coordinates": [0.0319, 48.4316]}, "properties": {"code_insee": "61117", "nom": "Condé-sur-Sarthe", "departement": "Orne", "prix_m2_median": 1670, "prix_m2_median_maison": 1690, "prix_m2_median_appartement": 1620, "nb_ventes": 52, "evolution_prix_pct": -16.5, "part_passoires_dpe_pct": 8.3, "fiabilite": "bonne", "url": "https://vendsmonbien.com/prix-immobilier/61-orne/conde-sur-sarthe/"}}, {"type": "Feature", "geometry": {"type": "Point", "coordinates": [0.3915, 48.5284]}, "properties": {"code_insee": "61126", "nom": "Coulonges-sur-Sarthe", "departement": "Orne", "prix_m2_median": 1700, "prix_m2_median_maison": 1700, "prix_m2_median_appartement": null, "nb_ventes": 17, "evolution_prix_pct": null, "part_passoires_dpe_pct": null, "fiabilite": "indicative", "url": "https://vendsmonbien.com/prix-immobilier/61-orne/coulonges-sur-sarthe/"}}, {"type": "Feature", "geometry": {"type": "Point", "coordinates": [0.6962, 48.4567]}, "properties": {"code_insee": "61050", "nom": "Cour-Maugis sur Huisne", "departement": "Orne", "prix_m2_median": 1620, "prix_m2_median_maison": 1620, "prix_m2_median_appartement": null, "nb_ventes": 24, "evolution_prix_pct": null, "part_passoires_dpe_pct": null, "fiabilite": "indicative", "url": "https://vendsmonbien.com/prix-immobilier/61-orne/cour-maugis-sur-huisne/"}}, {"type": "Feature", "geometry": {"type": "Point", "coordinates": [0.3504, 48.6267]}, "properties": {"code_insee": "61133", "nom": "Courtomer", "departement": "Orne", "prix_m2_median": 1170, "prix_m2_median_maison": 1170, "prix_m2_median_appartement": null, "nb_ventes": 21, "evolution_prix_pct": null, "part_passoires_dpe_pct": null, "fiabilite": "indicative", "url": "https://vendsmonbien.com/prix-immobilier/61-orne/courtomer/"}}, {"type": "Feature", "geometry": {"type": "Point", "coordinates": [0.0699, 48.4519]}, "properties": {"code_insee": "61143", "nom": "Damigny", "departement": "Orne", "prix_m2_median": 1690, "prix_m2_median_maison": 1690, "prix_m2_median_appartement": null, "nb_ventes": 81, "evolution_prix_pct": 3.5, "part_passoires_dpe_pct": 16.0, "fiabilite": "bonne", "url": "https://vendsmonbien.com/prix-immobilier/61-orne/damigny/"}}, {"type": "Feature", "geometry": {"type": "Point", "coordinates": [-0.6554, 48.5866]}, "properties": {"code_insee": "61145", "nom": "Domfront en Poiraie", "departement": "Orne", "prix_m2_median": 1330, "prix_m2_median_maison": 1330, "prix_m2_median_appartement": 1320, "nb_ventes": 114, "evolution_prix_pct": 5.6, "part_passoires_dpe_pct": 18.2, "fiabilite": "élevée", "url": "https://vendsmonbien.com/prix-immobilier/61-orne/domfront-en-poiraie/"}}, {"type": "Feature", "geometry": {"type": "Point", "coordinates": [0.3949, 48.7352]}, "properties": {"code_insee": "61150", "nom": "Échauffour", "departement": "Orne", "prix_m2_median": 1420, "prix_m2_median_maison": 1420, "prix_m2_median_appartement": null, "nb_ventes": 27, "evolution_prix_pct": null, "part_passoires_dpe_pct": null, "fiabilite": "indicative", "url": "https://vendsmonbien.com/prix-immobilier/61-orne/echauffour/"}}, {"type": "Feature", "geometry": {"type": "Point", "coordinates": [-0.1316, 48.7232]}, "properties": {"code_insee": "61153", "nom": "Écouché-les-Vallées", "departement": "Orne", "prix_m2_median": 1360, "prix_m2_median_maison": 1350, "prix_m2_median_appartement": null, "nb_ventes": 52, "evolution_prix_pct": null, "part_passoires_dpe_pct": 18.3, "fiabilite": "bonne", "url": "https://vendsmonbien.com/prix-immobilier/61-orne/ecouche-les-vallees/"}}, {"type": "Feature", "geometry": {"type": "Point", "coordinates": [0.1057, 48.5101]}, "properties": {"code_insee": "61341", "nom": "Écouves", "departement": "Orne", "prix_m2_median": 1410, "prix_m2_median_maison": 1410, "prix_m2_median_appartement": null, "nb_ventes": 27, "evolution_prix_pct": null, "part_passoires_dpe_pct": null, "fiabilite": "indicative", "url": "https://vendsmonbien.com/prix-immobilier/61-orne/ecouves/"}}, {"type": "Feature", "geometry": {"type": "Point", "coordinates": [-0.5603, 48.7389]}, "properties": {"code_insee": "61169", "nom": "Flers", "departement": "Orne", "prix_m2_median": 1270, "prix_m2_median_maison": 1320, "prix_m2_median_appartement": 1240, "nb_ventes": 385, "evolution_prix_pct": -8.1, "part_passoires_dpe_pct": 14.4, "fiabilite": "élevée", "url": "https://vendsmonbien.com/prix-immobilier/61-orne/flers/"}}, {"type": "Feature", "geometry": {"type": "Point", "coordinates": [0.3118, 48.7895]}, "properties": {"code_insee": "61181", "nom": "Gacé", "departement": "Orne", "prix_m2_median": 1310, "prix_m2_median_maison": 1300, "prix_m2_median_appartement": null, "nb_ventes": 45, "evolution_prix_pct": -18.1, "part_passoires_dpe_pct": 21.9, "fiabilite": "bonne", "url": "https://vendsmonbien.com/prix-immobilier/61-orne/gace/"}}, {"type": "Feature", "geometry": {"type": "Point", "coordinates": [0.1126, 48.7851]}, "properties": {"code_insee": "61474", "nom": "Gouffern en Auge", "departement": "Orne", "prix_m2_median": 1490, "prix_m2_median_maison": 1480, "prix_m2_median_appartement": null, "nb_ventes": 78, "evolution_prix_pct": 2.0, "part_passoires_dpe_pct": 28.9, "fiabilite": "bonne", "url": "https://vendsmonbien.com/prix-immobilier/61-orne/gouffern-en-auge/"}}, {"type": "Feature", "geometry": {"type": "Point", "coordinates": [0.0353, 48.3994]}, "properties": {"code_insee": "61203", "nom": "Héloup", "departement": "Orne", "prix_m2_median": 1490, "prix_m2_median_maison": 1490, "prix_m2_median_appartement": null, "nb_ventes": 22, "evolution_prix_pct": null, "part_passoires_dpe_pct": null, "fiabilite": "indicative", "url": "https://vendsmonbien.com/prix-immobilier/61-orne/heloup/"}}, {"type": "Feature", "geometry": {"type": "Point", "coordinates": [0.5129, 48.3142]}, "properties": {"code_insee": "61207", "nom": "Igé", "departement": "Orne", "prix_m2_median": 1970, "prix_m2_median_maison": 1970, "prix_m2_median_appartement": null, "nb_ventes": 17, "evolution_prix_pct": null, "part_passoires_dpe_pct": null, "fiabilite": "indicative", "url": "https://vendsmonbien.com/prix-immobilier/61-orne/ige/"}}, {"type": "Feature", "geometry": {"type": "Point", "coordinates": [-0.5205, 48.5269]}, "properties": {"code_insee": "61211", "nom": "Juvigny Val d'Andaine", "departement": "Orne", "prix_m2_median": 1290, "prix_m2_median_maison": 1300, "prix_m2_median_appartement": null, "nb_ventes": 43, "evolution_prix_pct": null, "part_passoires_dpe_pct": 24.4, "fiabilite": "bonne", "url": "https://vendsmonbien.com/prix-immobilier/61-orne/juvigny-val-dandaine/"}}, {"type": "Feature", "geometry": {"type": "Point", "coordinates": [-0.5069, 48.6527]}, "properties": {"code_insee": "61163", "nom": "La Ferrière-aux-Étangs", "departement": "Orne", "prix_m2_median": 1130, "prix_m2_median_maison": 1130, "prix_m2_median_appartement": null, "nb_ventes": 42, "evolution_prix_pct": null, "part_passoires_dpe_pct": 13.5, "fiabilite": "bonne", "url": "https://vendsmonbien.com/prix-immobilier/61-orne/la-ferriere-aux-etangs/"}}, {"type": "Feature", "geometry": {"type": "Point", "coordinates": [0.4951, 48.8436]}, "properties": {"code_insee": "61167", "nom": "La Ferté-en-Ouche", "departement": "Orne", "prix_m2_median": 1550, "prix_m2_median_maison": 1550, "prix_m2_median_appartement": null, "nb_ventes": 60, "evolution_prix_pct": -14.9, "part_passoires_dpe_pct": 24.9, "fiabilite": "bonne", "url": "https://vendsmonbien.com/prix-immobilier/61-orne/la-ferte-en-ouche/"}}, {"type": "Feature", "geometry": {"type": "Point", "coordinates": [-0.3592, 48.5688]}, "properties": {"code_insee": "61168", "nom": "La Ferté Macé", "departement": "Orne", "prix_m2_median": 1290, "prix_m2_median_maison": 1290, "prix_m2_median_appartement": 1280, "nb_ventes": 102, "evolution_prix_pct": -3.9, "part_passoires_dpe_pct": 15.1, "fiabilite": "élevée", "url": "https://vendsmonbien.com/prix-immobilier/61-orne/la-ferte-mace/"}}, {"type": "Feature", "geometry": {"type": "Point", "coordinates": [0.6118, 48.7566]}, "properties": {"code_insee": "61214", "nom": "L'Aigle", "departement": "Orne", "prix_m2_median": 1440, "prix_m2_median_maison": 1460, "prix_m2_median_appartement": 1240, "nb_ventes": 262, "evolution_prix_pct": -1.4, "part_passoires_dpe_pct": 11.3, "fiabilite": "élevée", "url": "https://vendsmonbien.com/prix-immobilier/61-orne/laigle/"}}, {"type": "Feature", "geometry": {"type": "Point", "coordinates": [-0.5988, 48.7529]}, "properties": {"code_insee": "61218", "nom": "La Lande-Patry", "departement": "Orne", "prix_m2_median": 1310, "prix_m2_median_maison": 1310, "prix_m2_median_appartement": null, "nb_ventes": 46, "evolution_prix_pct": 16.3, "part_passoires_dpe_pct": 22.5, "fiabilite": "bonne", "url": "https://vendsmonbien.com/prix-immobilier/61-orne/la-lande-patry/"}}, {"type": "Feature", "geometry": {"type": "Point", "coordinates": [-0.5302, 48.736]}, "properties": {"code_insee": "61466", "nom": "La Selle-la-Forge", "departement": "Orne", "prix_m2_median": 1330, "prix_m2_median_maison": 1330, "prix_m2_median_appartement": null, "nb_ventes": 28, "evolution_prix_pct": null, "part_passoires_dpe_pct": null, "fiabilite": "indicative", "url": "https://vendsmonbien.com/prix-immobilier/61-orne/la-selle-la-forge/"}}, {"type": "Feature", "geometry": {"type": "Point", "coordinates": [0.3536, 48.5116]}, "properties": {"code_insee": "61258", "nom": "Le Mêle-sur-Sarthe", "departement": "Orne", "prix_m2_median": 1130, "prix_m2_median_maison": 1130, "prix_m2_median_appartement": null, "nb_ventes": 19, "evolution_prix_pct": null, "part_passoires_dpe_pct": null, "fiabilite": "indicative", "url": "https://vendsmonbien.com/prix-immobilier/61-orne/le-mele-sur-sarthe/"}}, {"type": "Feature", "geometry": {"type": "Point", "coordinates": [0.6026, 48.6735]}, "properties": {"code_insee": "61422", "nom": "Les Aspres", "departement": "Orne", "prix_m2_median": 1500, "prix_m2_median_maison": 1500, "prix_m2_median_appartement": null, "nb_ventes": 20, "evolution_prix_pct": null, "part_passoires_dpe_pct": null, "fiabilite": "indicative", "url": "https://vendsmonbien.com/prix-immobilier/61-orne/les-aspres/"}}, {"type": "Feature", "geometry": {"type": "Point", "coordinates": [-0.4259, 48.6129]}, "properties": {"code_insee": "61463", "nom": "Les Monts d'Andaine", "departement": "Orne", "prix_m2_median": 1350, "prix_m2_median_maison": 1350, "prix_m2_median_appartement": null, "nb_ventes": 17, "evolution_prix_pct": null, "part_passoires_dpe_pct": null, "fiabilite": "indicative", "url": "https://vendsmonbien.com/prix-immobilier/61-orne/les-monts-dandaine/"}}, {"type": "Feature", "geometry": {"type": "Point", "coordinates": [0.8033, 48.5419]}, "properties": {"code_insee": "61230", "nom": "Longny les Villages", "departement": "Orne", "prix_m2_median": 1390, "prix_m2_median_maison": 1390, "prix_m2_median_appartement": null, "nb_ventes": 75, "evolution_prix_pct": -5.7, "part_passoires_dpe_pct": 30.9, "fiabilite": "bonne", "url": "https://vendsmonbien.com/prix-immobilier/61-orne/longny-les-villages/"}}, {"type": "Feature", "geometry": {"type": "Point", "coordinates": [-0.7082, 48.6547]}, "properties": {"code_insee": "61232", "nom": "Lonlay-l'Abbaye", "departement": "Orne", "prix_m2_median": 1320, "prix_m2_median_maison": 1320, "prix_m2_median_appartement": null, "nb_ventes": 25, "evolution_prix_pct": null, "part_passoires_dpe_pct": null, "fiabilite": "indicative", "url": "https://vendsmonbien.com/prix-immobilier/61-orne/lonlay-labbaye/"}}, {"type": "Feature", "geometry": {"type": "Point", "coordinates": [-0.3217, 48.5685]}, "properties": {"code_insee": "61243", "nom": "Magny-le-Désert", "departement": "Orne", "prix_m2_median": 1250, "prix_m2_median_maison": 1250, "prix_m2_median_appartement": null, "nb_ventes": 17, "evolution_prix_pct": null, "part_passoires_dpe_pct": null, "fiabilite": "indicative", "url": "https://vendsmonbien.com/prix-immobilier/61-orne/magny-le-desert/"}}, {"type": "Feature", "geometry": {"type": "Point", "coordinates": [-0.8179, 48.5124]}, "properties": {"code_insee": "61248", "nom": "Mantilly", "departement": "Orne", "prix_m2_median": 1180, "prix_m2_median_maison": 1180, "prix_m2_median_appartement": null, "nb_ventes": 16, "evolution_prix_pct": null, "part_passoires_dpe_pct": null, "fiabilite": "indicative", "url": "https://vendsmonbien.com/prix-immobilier/61-orne/mantilly/"}}, {"type": "Feature", "geometry": {"type": "Point", "coordinates": [0.6071, 48.44]}, "properties": {"code_insee": "61255", "nom": "Mauves-sur-Huisne", "departement": "Orne", "prix_m2_median": 1500, "prix_m2_median_maison": 1500, "prix_m2_median_appartement": null, "nb_ventes": 19, "evolution_prix_pct": null, "part_passoires_dpe_pct": null, "fiabilite": "indicative", "url": "https://vendsmonbien.com/prix-immobilier/61-orne/mauves-sur-huisne/"}}, {"type": "Feature", "geometry": {"type": "Point", "coordinates": [0.2669, 48.695]}, "properties": {"code_insee": "61275", "nom": "Merlerault-le-Pin", "departement": "Orne", "prix_m2_median": 1270, "prix_m2_median_maison": 1270, "prix_m2_median_appartement": null, "nb_ventes": 18, "evolution_prix_pct": null, "part_passoires_dpe_pct": null, "fiabilite": "indicative", "url": "https://vendsmonbien.com/prix-immobilier/61-orne/merlerault-le-pin/"}}, {"type": "Feature", "geometry": {"type": "Point", "coordinates": [-0.536, 48.713]}, "properties": {"code_insee": "61278", "nom": "Messei", "departement": "Orne", "prix_m2_median": 1400, "prix_m2_median_maison": 1370, "prix_m2_median_appartement": null, "nb_ventes": 42, "evolution_prix_pct": null, "part_passoires_dpe_pct": 20.2, "fiabilite": "bonne", "url": "https://vendsmonbien.com/prix-immobilier/61-orne/messei/"}}, {"type": "Feature", "geometry": {"type": "Point", "coordinates": [0.5642, 48.5189]}, "properties": {"code_insee": "61293", "nom": "Mortagne-au-Perche", "departement": "Orne", "prix_m2_median": 1680, "prix_m2_median_maison": 1650, "prix_m2_median_appartement": 1710, "nb_ventes": 124, "evolution_prix_pct": 12.3, "part_passoires_dpe_pct": 17.3, "fiabilite": "élevée", "url": "https://vendsmonbien.com/prix-immobilier/61-orne/mortagne-au-perche/"}}, {"type": "Feature", "geometry": {"type": "Point", "coordinates": [0.0745, 48.6242]}, "properties": {"code_insee": "61294", "nom": "Mortrée", "departement": "Orne", "prix_m2_median": 1200, "prix_m2_median_maison": 1200, "prix_m2_median_appartement": null, "nb_ventes": 22, "evolution_prix_pct": null, "part_passoires_dpe_pct": null, "fiabilite": "indicative", "url": "https://vendsmonbien.com/prix-immobilier/61-orne/mortree/"}}, {"type": "Feature", "geometry": {"type": "Point", "coordinates": [-0.7687, 48.4886]}, "properties": {"code_insee": "61324", "nom": "Passais Villages", "departement": "Orne", "prix_m2_median": 1100, "prix_m2_median_maison": 1090, "prix_m2_median_appartement": null, "nb_ventes": 23, "evolution_prix_pct": null, "part_passoires_dpe_pct": null, "fiabilite": "indicative", "url": "https://vendsmonbien.com/prix-immobilier/61-orne/passais-villages/"}}, {"type": "Feature", "geometry": {"type": "Point", "coordinates": [0.6958, 48.3585]}, "properties": {"code_insee": "61309", "nom": "Perche en Nocé", "departement": "Orne", "prix_m2_median": 1520, "prix_m2_median_maison": 1530, "prix_m2_median_appartement": null, "nb_ventes": 58, "evolution_prix_pct": -32.1, "part_passoires_dpe_pct": 34.0, "fiabilite": "bonne", "url": "https://vendsmonbien.com/prix-immobilier/61-orne/perche-en-noce/"}}, {"type": "Feature", "geometry": {"type": "Point", "coordinates": [-0.2889, 48.7711]}, "properties": {"code_insee": "61339", "nom": "Putanges-le-Lac", "departement": "Orne", "prix_m2_median": 1410, "prix_m2_median_maison": 1410, "prix_m2_median_appartement": null, "nb_ventes": 51, "evolution_prix_pct": -14.1, "part_passoires_dpe_pct": 29.9, "fiabilite": "bonne", "url": "https://vendsmonbien.com/prix-immobilier/61-orne/putanges-le-lac/"}}, {"type": "Feature", "geometry": {"type": "Point", "coordinates": [0.5604, 48.7552]}, "properties": {"code_insee": "61342", "nom": "Rai", "departement": "Orne", "prix_m2_median": 1410, "prix_m2_median_maison": 1410, "prix_m2_median_appartement": null, "nb_ventes": 38, "evolution_prix_pct": null, "part_passoires_dpe_pct": 14.6, "fiabilite": "bonne", "url": "https://vendsmonbien.com/prix-immobilier/61-orne/rai/"}}, {"type": "Feature", "geometry": {"type": "Point", "coordinates": [-0.2196, 48.6424]}, "properties": {"code_insee": "61344", "nom": "Rânes", "departement": "Orne", "prix_m2_median": 1360, "prix_m2_median_maison": 1360, "prix_m2_median_appartement": null, "nb_ventes": 19, "evolution_prix_pct": null, "part_passoires_dpe_pct": null, "fiabilite": "indicative", "url": "https://vendsmonbien.com/prix-immobilier/61-orne/ranes/"}}, {"type": "Feature", "geometry": {"type": "Point", "coordinates": [0.7644, 48.4405]}, "properties": {"code_insee": "61345", "nom": "Rémalard en Perche", "departement": "Orne", "prix_m2_median": 1430, "prix_m2_median_maison": 1430, "prix_m2_median_appartement": null, "nb_ventes": 54, "evolution_prix_pct": -7.4, "part_passoires_dpe_pct": 40.1, "fiabilite": "bonne", "url": "https://vendsmonbien.com/prix-immobilier/61-orne/remalard-en-perche/"}}, {"type": "Feature", "geometry": {"type": "Point", "coordinates": [-0.4434, 48.5352]}, "properties": {"code_insee": "61096", "nom": "Rives d'Andaine", "departement": "Orne", "prix_m2_median": 1200, "prix_m2_median_maison": 1210, "prix_m2_median_appartement": null, "nb_ventes": 38, "evolution_prix_pct": null, "part_passoires_dpe_pct": 21.9, "fiabilite": "bonne", "url": "https://vendsmonbien.com/prix-immobilier/61-orne/rives-dandaine/"}}, {"type": "Feature", "geometry": {"type": "Point", "coordinates": [0.8714, 48.384]}, "properties": {"code_insee": "61116", "nom": "Sablons sur Huisne", "departement": "Orne", "prix_m2_median": 1620, "prix_m2_median_maison": 1620, "prix_m2_median_appartement": null, "nb_ventes": 43, "evolution_prix_pct": null, "part_passoires_dpe_pct": 27.7, "fiabilite": "bonne", "url": "https://vendsmonbien.com/prix-immobilier/61-orne/sablons-sur-huisne/"}}, {"type": "Feature", "geometry": {"type": "Point", "coordinates": [-0.6229, 48.6875]}, "properties": {"code_insee": "61376", "nom": "Saint-Clair-de-Halouze", "departement": "Orne", "prix_m2_median": 1270, "prix_m2_median_maison": 1270, "prix_m2_median_appartement": null, "nb_ventes": 22, "evolution_prix_pct": null, "part_passoires_dpe_pct": null, "fiabilite": "indicative", "url": "https://vendsmonbien.com/prix-immobilier/61-orne/saint-clair-de-halouze/"}}, {"type": "Feature", "geometry": {"type": "Point", "coordinates": [0.4443, 48.7082]}, "properties": {"code_insee": "61389", "nom": "Sainte-Gauburge-Sainte-Colombe", "departement": "Orne", "prix_m2_median": 1290, "prix_m2_median_maison": 1300, "prix_m2_median_appartement": null, "nb_ventes": 20, "evolution_prix_pct": null, "part_passoires_dpe_pct": null, "fiabilite": "indicative", "url": "https://vendsmonbien.com/prix-immobilier/61-orne/sainte-gauburge-sainte-colombe/"}}, {"type": "Feature", "geometry": {"type": "Point", "coordinates": [-0.7165, 48.4987]}, "properties": {"code_insee": "61387", "nom": "Saint-Fraimbault", "departement": "Orne", "prix_m2_median": 1170, "prix_m2_median_maison": 1170, "prix_m2_median_appartement": null, "nb_ventes": 23, "evolution_prix_pct": null, "part_passoires_dpe_pct": null, "fiabilite": "indicative", "url": "https://vendsmonbien.com/prix-immobilier/61-orne/saint-fraimbault/"}}, {"type": "Feature", "geometry": {"type": "Point", "coordinates": [-0.5655, 48.7705]}, "properties": {"code_insee": "61391", "nom": "Saint-Georges-des-Groseillers", "departement": "Orne", "prix_m2_median": 1320, "prix_m2_median_maison": 1460, "prix_m2_median_appartement": 1210, "nb_ventes": 115, "evolution_prix_pct": -11.8, "part_passoires_dpe_pct": 13.5, "fiabilite": "élevée", "url": "https://vendsmonbien.com/prix-immobilier/61-orne/saint-georges-des-groseillers/"}}, {"type": "Feature", "geometry": {"type": "Point", "coordinates": [0.5943, 48.2729]}, "properties": {"code_insee": "61394", "nom": "Saint-Germain-de-la-Coudre", "departement": "Orne", "prix_m2_median": 1350, "prix_m2_median_maison": 1350, "prix_m2_median_appartement": null, "nb_ventes": 22, "evolution_prix_pct": null, "part_passoires_dpe_pct": null, "fiabilite": "indicative", "url": "https://vendsmonbien.com/prix-immobilier/61-orne/saint-germain-de-la-coudre/"}}, {"type": "Feature", "geometry": {"type": "Point", "coordinates": [0.0587, 48.4178]}, "properties": {"code_insee": "61397", "nom": "Saint-Germain-du-Corbéis", "departement": "Orne", "prix_m2_median": 1640, "prix_m2_median_maison": 1640, "prix_m2_median_appartement": null, "nb_ventes": 93, "evolution_prix_pct": -11.1, "part_passoires_dpe_pct": 13.6, "fiabilite": "bonne", "url": "https://vendsmonbien.com/prix-immobilier/61-orne/saint-germain-du-corbeis/"}}, {"type": "Feature", "geometry": {"type": "Point", "coordinates": [0.5335, 48.5101]}, "properties": {"code_insee": "61414", "nom": "Saint-Langis-lès-Mortagne", "departement": "Orne", "prix_m2_median": 1480, "prix_m2_median_maison": 1480, "prix_m2_median_appartement": null, "nb_ventes": 22, "evolution_prix_pct": null, "part_passoires_dpe_pct": null, "fiabilite": "indicative", "url": "https://vendsmonbien.com/prix-immobilier/61-orne/saint-langis-les-mortagne/"}}, {"type": "Feature", "geometry": {"type": "Point", "coordinates": [0.6368, 48.5091]}, "properties": {"code_insee": "61418", "nom": "Saint-Mard-de-Réno", "departement": "Orne", "prix_m2_median": 1760, "prix_m2_median_maison": 1760, "prix_m2_median_appartement": null, "nb_ventes": 15, "evolution_prix_pct": null, "part_passoires_dpe_pct": null, "fiabilite": "indicative", "url": "https://vendsmonbien.com/prix-immobilier/61-orne/saint-mard-de-reno/"}}, {"type": "Feature", "geometry": {"type": "Point", "coordinates": [-0.7366, 48.5514]}, "properties": {"code_insee": "61421", "nom": "Saint-Mars-d'Égrenne", "departement": "Orne", "prix_m2_median": 1270, "prix_m2_median_maison": 1270, "prix_m2_median_appartement": null, "nb_ventes": 15, "evolution_prix_pct": null, "part_passoires_dpe_pct": null, "fiabilite": "indicative", "url": "https://vendsmonbien.com/prix-immobilier/61-orne/saint-mars-degrenne/"}}, {"type": "Feature", "geometry": {"type": "Point", "coordinates": [0.5466, 48.37]}, "properties": {"code_insee": "61426", "nom": "Saint-Martin-du-Vieux-Bellême", "departement": "Orne", "prix_m2_median": 1720, "prix_m2_median_maison": 1720, "prix_m2_median_appartement": null, "nb_ventes": 23, "evolution_prix_pct": null, "part_passoires_dpe_pct": null, "fiabilite": "indicative", "url": "https://vendsmonbien.com/prix-immobilier/61-orne/saint-martin-du-vieux-belleme/"}}, {"type": "Feature", "geometry": {"type": "Point", "coordinates": [-0.5399, 48.8322]}, "properties": {"code_insee": "61447", "nom": "Saint-Pierre-du-Regard", "departement": "Orne", "prix_m2_median": 1280, "prix_m2_median_maison": 1250, "prix_m2_median_appartement": null, "nb_ventes": 34, "evolution_prix_pct": null, "part_passoires_dpe_pct": 19.0, "fiabilite": "bonne", "url": "https://vendsmonbien.com/prix-immobilier/61-orne/saint-pierre-du-regard/"}}, {"type": "Feature", "geometry": {"type": "Point", "coordinates": [0.6806, 48.7784]}, "properties": {"code_insee": "61456", "nom": "Saint-Sulpice-sur-Risle", "departement": "Orne", "prix_m2_median": 1510, "prix_m2_median_maison": 1510, "prix_m2_median_appartement": null, "nb_ventes": 27, "evolution_prix_pct": null, "part_passoires_dpe_pct": null, "fiabilite": "indicative", "url": "https://vendsmonbien.com/prix-immobilier/61-orne/saint-sulpice-sur-risle/"}}, {"type": "Feature", "geometry": {"type": "Point", "coordinates": [0.3196, 48.8868]}, "properties": {"code_insee": "61460", "nom": "Sap-en-Auge", "departement": "Orne", "prix_m2_median": 1080, "prix_m2_median_maison": 1080, "prix_m2_median_appartement": null, "nb_ventes": 22, "evolution_prix_pct": null, "part_passoires_dpe_pct": null, "fiabilite": "indicative", "url": "https://vendsmonbien.com/prix-immobilier/61-orne/sap-en-auge/"}}, {"type": "Feature", "geometry": {"type": "Point", "coordinates": [-0.0336, 48.7157]}, "properties": {"code_insee": "61462", "nom": "Sarceaux", "departement": "Orne", "prix_m2_median": 1760, "prix_m2_median_maison": 1760, "prix_m2_median_appartement": null, "nb_ventes": 20, "evolution_prix_pct": null, "part_passoires_dpe_pct": null, "fiabilite": "indicative", "url": "https://vendsmonbien.com/prix-immobilier/61-orne/sarceaux/"}}, {"type": "Feature", "geometry": {"type": "Point", "coordinates": [0.1645, 48.6075]}, "properties": {"code_insee": "61464", "nom": "Sées", "departement": "Orne", "prix_m2_median": 1290, "prix_m2_median_maison": 1460, "prix_m2_median_appartement": 1130, "nb_ventes": 99, "evolution_prix_pct": 19.8, "part_passoires_dpe_pct": 17.0, "fiabilite": "bonne", "url": "https://vendsmonbien.com/prix-immobilier/61-orne/sees/"}}, {"type": "Feature", "geometry": {"type": "Point", "coordinates": [0.5561, 48.6256]}, "properties": {"code_insee": "61475", "nom": "Soligny-la-Trappe", "departement": "Orne", "prix_m2_median": 1610, "prix_m2_median_maison": 1610, "prix_m2_median_appartement": null, "nb_ventes": 20, "evolution_prix_pct": null, "part_passoires_dpe_pct": null, "fiabilite": "indicative", "url": "https://vendsmonbien.com/prix-immobilier/61-orne/soligny-la-trappe/"}}, {"type": "Feature", "geometry": {"type": "Point", "coordinates": [-0.7337, 48.7283]}, "properties": {"code_insee": "61486", "nom": "Tinchebray-Bocage", "departement": "Orne", "prix_m2_median": 1170, "prix_m2_median_maison": 1210, "prix_m2_median_appartement": null, "nb_ventes": 87, "evolution_prix_pct": 8.3, "part_passoires_dpe_pct": 21.1, "fiabilite": "bonne", "url": "https://vendsmonbien.com/prix-immobilier/61-orne/tinchebray-bocage/"}}, {"type": "Feature", "geometry": {"type": "Point", "coordinates": [0.6321, 48.6065]}, "properties": {"code_insee": "61491", "nom": "Tourouvre au Perche", "departement": "Orne", "prix_m2_median": 1420, "prix_m2_median_maison": 1420, "prix_m2_median_appartement": null, "nb_ventes": 90, "evolution_prix_pct": 14.7, "part_passoires_dpe_pct": 25.7, "fiabilite": "bonne", "url": "https://vendsmonbien.com/prix-immobilier/61-orne/tourouvre-au-perche/"}}, {"type": "Feature", "geometry": {"type": "Point", "coordinates": [0.0438, 48.8504]}, "properties": {"code_insee": "61494", "nom": "Trun", "departement": "Orne", "prix_m2_median": 1520, "prix_m2_median_maison": 1520, "prix_m2_median_appartement": null, "nb_ventes": 27, "evolution_prix_pct": null, "part_passoires_dpe_pct": null, "fiabilite": "indicative", "url": "https://vendsmonbien.com/prix-immobilier/61-orne/trun/"}}, {"type": "Feature", "geometry": {"type": "Point", "coordinates": [0.6987, 48.2883]}, "properties": {"code_insee": "61484", "nom": "Val-au-Perche", "departement": "Orne", "prix_m2_median": 1430, "prix_m2_median_maison": 1450, "prix_m2_median_appartement": 1200, "nb_ventes": 75, "evolution_prix_pct": 16.3, "part_passoires_dpe_pct": 20.0, "fiabilite": "bonne", "url": "https://vendsmonbien.com/prix-immobilier/61-orne/val-au-perche/"}}, {"type": "Feature", "geometry": {"type": "Point", "coordinates": [0.1157, 48.4659]}, "properties": {"code_insee": "61497", "nom": "Valframbert", "departement": "Orne", "prix_m2_median": 1640, "prix_m2_median_maison": 1640, "prix_m2_median_appartement": null, "nb_ventes": 27, "evolution_prix_pct": null, "part_passoires_dpe_pct": null, "fiabilite": "indicative", "url": "https://vendsmonbien.com/prix-immobilier/61-orne/valframbert/"}}, {"type": "Feature", "geometry": {"type": "Point", "coordinates": [0.1954, 48.9254]}, "properties": {"code_insee": "61508", "nom": "Vimoutiers", "departement": "Orne", "prix_m2_median": 1320, "prix_m2_median_maison": 1370, "prix_m2_median_appartement": 890, "nb_ventes": 72, "evolution_prix_pct": -11.0, "part_passoires_dpe_pct": 15.8, "fiabilite": "bonne", "url": "https://vendsmonbien.com/prix-immobilier/61-orne/vimoutiers/"}}, {"type": "Feature", "geometry": {"type": "Point", "coordinates": [3.2024, 46.0145]}, "properties": {"code_insee": "63001", "nom": "Aigueperse", "departement": "Puy-de-Dôme", "prix_m2_median": 1480, "prix_m2_median_maison": 1550, "prix_m2_median_appartement": 1220, "nb_ventes": 42, "evolution_prix_pct": -8.6, "part_passoires_dpe_pct": 10.6, "fiabilite": "bonne", "url": "https://vendsmonbien.com/prix-immobilier/63-puy-de-dome/aigueperse/"}}, {"type": "Feature", "geometry": {"type": "Point", "coordinates": [3.7556, 45.5516]}, "properties": {"code_insee": "63003", "nom": "Ambert", "departement": "Puy-de-Dôme", "prix_m2_median": 1380, "prix_m2_median_maison": 1460, "prix_m2_median_appartement": 1310, "nb_ventes": 123, "evolution_prix_pct": -6.8, "part_passoires_dpe_pct": 22.0, "fiabilite": "élevée", "url": "https://vendsmonbien.com/prix-immobilier/63-puy-de-dome/ambert/"}}, {"type": "Feature", "geometry": {"type": "Point", "coordinates": [3.7349, 45.4239]}, "properties": {"code_insee": "63010", "nom": "Arlanc", "departement": "Puy-de-Dôme", "prix_m2_median": 1320, "prix_m2_median_maison": 1340, "prix_m2_median_appartement": null, "nb_ventes": 26, "evolution_prix_pct": null, "part_passoires_dpe_pct": null, "fiabilite": "indicative", "url": "https://vendsmonbien.com/prix-immobilier/63-puy-de-dome/arlanc/"}}, {"type": "Feature", "geometry": {"type": "Point", "coordinates": [3.1977, 45.9792]}, "properties": {"code_insee": "63013", "nom": "Aubiat", "departement": "Puy-de-Dôme", "prix_m2_median": 1900, "prix_m2_median_maison": 1900, "prix_m2_median_appartement": null, "nb_ventes": 27, "evolution_prix_pct": null, "part_passoires_dpe_pct": null, "fiabilite": "indicative", "url": "https://vendsmonbien.com/prix-immobilier/63-puy-de-dome/aubiat/"}}, {"type": "Feature", "geometry": {"type": "Point", "coordinates": [3.1272, 45.752]}, "properties": {"code_insee": "63014", "nom": "Aubière", "departement": "Puy-de-Dôme", "prix_m2_median": 2440, "prix_m2_median_maison": 2550, "prix_m2_median_appartement": 2260, "nb_ventes": 324, "evolution_prix_pct": -6.2, "part_passoires_dpe_pct": 11.0, "fiabilite": "élevée", "url": "https://vendsmonbien.com/prix-immobilier/63-puy-de-dome/aubiere/"}}, {"type": "Feature", "geometry": {"type": "Point", "coordinates": [3.6372, 45.7343]}, "properties": {"code_insee": "63016", "nom": "Augerolles", "departement": "Puy-de-Dôme", "prix_m2_median": 1310, "prix_m2_median_maison": 1310, "prix_m2_median_appartement": null, "nb_ventes": 20, "evolution_prix_pct": null, "part_passoires_dpe_pct": null, "fiabilite": "indicative", "url": "https://vendsmonbien.com/prix-immobilier/63-puy-de-dome/augerolles/"}}, {"type": "Feature", "geometry": {"type": "Point", "coordinates": [3.1726, 45.7924]}, "properties": {"code_insee": "63019", "nom": "Aulnat", "departement": "Puy-de-Dôme", "prix_m2_median": 2130, "prix_m2_median_maison": 2130, "prix_m2_median_appartement": 2310, "nb_ventes": 106, "evolution_prix_pct": -0.9, "part_passoires_dpe_pct": 3.6, "fiabilite": "élevée", "url": "https://vendsmonbien.com/prix-immobilier/63-puy-de-dome/aulnat/"}}, {"type": "Feature", "geometry": {"type": "Point", "coordinates": [3.3289, 45.4495]}, "properties": {"code_insee": "63022", "nom": "Auzat-la-Combelle", "departement": "Puy-de-Dôme", "prix_m2_median": 1380, "prix_m2_median_maison": 1380, "prix_m2_median_appartement": null, "nb_ventes": 80, "evolution_prix_pct": -12.2, "part_passoires_dpe_pct": 41.9, "fiabilite": "bonne", "url": "https://vendsmonbien.com/prix-immobilier/63-puy-de-dome/auzat-la-combelle/"}}, {"type": "Feature", "geometry": {"type": "Point", "coordinates": [2.9899, 45.6663]}, "properties": {"code_insee": "63026", "nom": "Aydat", "departement": "Puy-de-Dôme", "prix_m2_median": 2350, "prix_m2_median_maison": 2350, "prix_m2_median_appartement": null, "nb_ventes": 33, "evolution_prix_pct": null, "part_passoires_dpe_pct": 39.3, "fiabilite": "bonne", "url": "https://vendsmonbien.com/prix-immobilier/63-puy-de-dome/aydat/"}}, {"type": "Feature", "geometry": {"type": "Point", "coordinates": [3.0853, 45.75]}, "properties": {"code_insee": "63032", "nom": "Beaumont", "departement": "Puy-de-Dôme", "prix_m2_median": 2350, "prix_m2_median_maison": 2770, "prix_m2_median_appartement": 2190, "nb_ventes": 369, "evolution_prix_pct": -7.8, "part_passoires_dpe_pct": 15.3, "fiabilite": "élevée", "url": "https://vendsmonbien.com/prix-immobilier/63-puy-de-dome/beaumont/"}}, {"type": "Feature", "geometry": {"type": "Point", "coordinates": [3.2969, 45.8167]}, "properties": {"code_insee": "63034", "nom": "Beauregard-l'Évêque", "departement": "Puy-de-Dôme", "prix_m2_median": 1830, "prix_m2_median_maison": 1830, "prix_m2_median_appartement": null, "nb_ventes": 25, "evolution_prix_pct": null, "part_passoires_dpe_pct": null, "fiabilite": "indicative", "url": "https://vendsmonbien.com/prix-immobilier/63-puy-de-dome/beauregard-leveque/"}}, {"type": "Feature", "geometry": {"type": "Point", "coordinates": [3.1108, 45.9657]}, "properties": {"code_insee": "63035", "nom": "Beauregard-Vendon", "departement": "Puy-de-Dôme", "prix_m2_median": 2240, "prix_m2_median_maison": 2240, "prix_m2_median_appartement": null, "nb_ventes": 20, "evolution_prix_pct": null, "part_passoires_dpe_pct": null, "fiabilite": "indicative", "url": "https://vendsmonbien.com/prix-immobilier/63-puy-de-dome/beauregard-vendon/"}}, {"type": "Feature", "geometry": {"type": "Point", "coordinates": [2.9103, 45.4984]}, "properties": {"code_insee": "63038", "nom": "Besse-et-Saint-Anastaise", "departement": "Puy-de-Dôme", "prix_m2_median": 2870, "prix_m2_median_maison": 2850, "prix_m2_median_appartement": 2870, "nb_ventes": 298, "evolution_prix_pct": -6.2, "part_passoires_dpe_pct": 20.1, "fiabilite": "élevée", "url": "https://vendsmonbien.com/prix-immobilier/63-puy-de-dome/besse-et-saint-anastaise/"}}, {"type": "Feature", "geometry": {"type": "Point", "coordinates": [3.3232, 45.726]}, "properties": {"code_insee": "63040", "nom": "Billom", "departement": "Puy-de-Dôme", "prix_m2_median": 1680, "prix_m2_median_maison": 1690, "prix_m2_median_appartement": 1340, "nb_ventes": 127, "evolution_prix_pct": -4.8, "part_passoires_dpe_pct": 11.9, "fiabilite": "élevée", "url": "https://vendsmonbien.com/prix-immobilier/63-puy-de-dome/billom/"}}, {"type": "Feature", "geometry": {"type": "Point", "coordinates": [3.0707, 45.8251]}, "properties": {"code_insee": "63042", "nom": "Blanzat", "departement": "Puy-de-Dôme", "prix_m2_median": 2150, "prix_m2_median_maison": 2170, "prix_m2_median_appartement": 1910, "nb_ventes": 80, "evolution_prix_pct": -18.1, "part_passoires_dpe_pct": 12.5, "fiabilite": "bonne", "url": "https://vendsmonbien.com/prix-immobilier/63-puy-de-dome/blanzat/"}}, {"type": "Feature", "geometry": {"type": "Point", "coordinates": [2.5718, 45.6582]}, "properties": {"code_insee": "63048", "nom": "Bourg-Lastic", "departement": "Puy-de-Dôme", "prix_m2_median": 1150, "prix_m2_median_maison": 1140, "prix_m2_median_appartement": null, "nb_ventes": 15, "evolution_prix_pct": null, "part_passoires_dpe_pct": null, "fiabilite": "indicative", "url": "https://vendsmonbien.com/prix-immobilier/63-puy-de-dome/bourg-lastic/"}}, {"type": "Feature", "geometry": {"type": "Point", "coordinates": [3.3188, 45.4157]}, "properties": {"code_insee": "63050", "nom": "Brassac-les-Mines", "departement": "Puy-de-Dôme", "prix_m2_median": 1500, "prix_m2_median_maison": 1500, "prix_m2_median_appartement": null, "nb_ventes": 111, "evolution_prix_pct": -0.7, "part_passoires_dpe_pct": 25.0, "fiabilite": "élevée", "url": "https://vendsmonbien.com/prix-immobilier/63-puy-de-dome/brassac-les-mines/"}}, {"type": "Feature", "geometry": {"type": "Point", "coordinates": [3.1094, 45.8314]}, "properties": {"code_insee": "63063", "nom": "Cébazat", "departement": "Puy-de-Dôme", "prix_m2_median": 2370, "prix_m2_median_maison": 2380, "prix_m2_median_appartement": 2340, "nb_ventes": 227, "evolution_prix_pct": -2.9, "part_passoires_dpe_pct": 9.0, "fiabilite": "élevée", "url": "https://vendsmonbien.com/prix-immobilier/63-puy-de-dome/cebazat/"}}, {"type": "Feature", "geometry": {"type": "Point", "coordinates": [3.6449, 45.882]}, "properties": {"code_insee": "63066", "nom": "Celles-sur-Durolle", "departement": "Puy-de-Dôme", "prix_m2_median": 1230, "prix_m2_median_maison": 1240, "prix_m2_median_appartement": null, "nb_ventes": 29, "evolution_prix_pct": null, "part_passoires_dpe_pct": null, "fiabilite": "indicative", "url": "https://vendsmonbien.com/prix-immobilier/63-puy-de-dome/celles-sur-durolle/"}}, {"type": "Feature", "geometry": {"type": "Point", "coordinates": [3.0651, 45.7403]}, "properties": {"code_insee": "63070", "nom": "Ceyrat", "departement": "Puy-de-Dôme", "prix_m2_median": 2640, "prix_m2_median_maison": 2640, "prix_m2_median_appartement": 2600, "nb_ventes": 177, "evolution_prix_pct": -9.1, "part_passoires_dpe_pct": 17.3, "fiabilite": "élevée", "url": "https://vendsmonbien.com/prix-immobilier/63-puy-de-dome/ceyrat/"}}, {"type": "Feature", "geometry": {"type": "Point", "coordinates": [3.7003, 45.8723]}, "properties": {"code_insee": "63072", "nom": "Chabreloche", "departement": "Puy-de-Dôme", "prix_m2_median": 1370, "prix_m2_median_maison": 1370, "prix_m2_median_appartement": null, "nb_ventes": 24, "evolution_prix_pct": null, "part_passoires_dpe_pct": null, "fiabilite": "indicative", "url": "https://vendsmonbien.com/prix-immobilier/63-puy-de-dome/chabreloche/"}}, {"type": "Feature", "geometry": {"type": "Point", "coordinates": [3.0605, 45.7741]}, "properties": {"code_insee": "63075", "nom": "Chamalières", "departement": "Puy-de-Dôme", "prix_m2_median": 2450, "prix_m2_median_maison": 3540, "prix_m2_median_appartement": 2380, "nb_ventes": 1075, "evolution_prix_pct": -4.3, "part_passoires_dpe_pct": 19.3, "fiabilite": "élevée", "url": "https://vendsmonbien.com/prix-immobilier/63-puy-de-dome/chamalieres/"}}, {"type": "Feature", "geometry": {"type": "Point", "coordinates": [3.1502, 45.9566]}, "properties": {"code_insee": "63244", "nom": "Chambaron sur Morge", "departement": "Puy-de-Dôme", "prix_m2_median": 2270, "prix_m2_median_maison": 2270, "prix_m2_median_appartement": null, "nb_ventes": 25, "evolution_prix_pct": null, "part_passoires_dpe_pct": null, "fiabilite": "indicative", "url": "https://vendsmonbien.com/prix-immobilier/63-puy-de-dome/chambaron-sur-morge/"}}, {"type": "Feature", "geometry": {"type": "Point", "coordinates": [2.8723, 45.5599]}, "properties": {"code_insee": "63077", "nom": "Chambon-sur-Lac", "departement": "Puy-de-Dôme", "prix_m2_median": 2300, "prix_m2_median_maison": 2310, "prix_m2_median_appartement": 2290, "nb_ventes": 22, "evolution_prix_pct": null, "part_passoires_dpe_pct": null, "fiabilite": "indicative", "url": "https://vendsmonbien.com/prix-immobilier/63-puy-de-dome/chambon-sur-lac/"}}, {"type": "Feature", "geometry": {"type": "Point", "coordinates": [3.1281, 45.5858]}, "properties": {"code_insee": "63080", "nom": "Champeix", "departement": "Puy-de-Dôme", "prix_m2_median": 1560, "prix_m2_median_maison": 1600, "prix_m2_median_appartement": 1100, "nb_ventes": 34, "evolution_prix_pct": null, "part_passoires_dpe_pct": 24.1, "fiabilite": "bonne", "url": "https://vendsmonbien.com/prix-immobilier/63-puy-de-dome/champeix/"}}, {"type": "Feature", "geometry": {"type": "Point", "coordinates": [3.0784, 45.6985]}, "properties": {"code_insee": "63084", "nom": "Chanonat", "departement": "Puy-de-Dôme", "prix_m2_median": 2260, "prix_m2_median_maison": 2470, "prix_m2_median_appartement": null, "nb_ventes": 30, "evolution_prix_pct": null, "part_passoires_dpe_pct": 18.6, "fiabilite": "bonne", "url": "https://vendsmonbien.com/prix-immobilier/63-puy-de-dome/chanonat/"}}, {"type": "Feature", "geometry": {"type": "Point", "coordinates": [2.8511, 45.8907]}, "properties": {"code_insee": "63085", "nom": "Chapdes-Beaufort", "departement": "Puy-de-Dôme", "prix_m2_median": 1600, "prix_m2_median_maison": 1600, "prix_m2_median_appartement": null, "nb_ventes": 18, "evolution_prix_pct": null, "part_passoires_dpe_pct": null, "fiabilite": "indicative", "url": "https://vendsmonbien.com/prix-immobilier/63-puy-de-dome/chapdes-beaufort/"}}, {"type": "Feature", "geometry": {"type": "Point", "coordinates": [3.225, 45.8662]}, "properties": {"code_insee": "63089", "nom": "Chappes", "departement": "Puy-de-Dôme", "prix_m2_median": 2400, "prix_m2_median_maison": 2400, "prix_m2_median_appartement": null, "nb_ventes": 37, "evolution_prix_pct": null, "part_passoires_dpe_pct": 12.1, "fiabilite": "bonne", "url": "https://vendsmonbien.com/prix-immobilier/63-puy-de-dome/chappes/"}}, {"type": "Feature", "geometry": {"type": "Point", "coordinates": [2.9806, 45.89]}, "properties": {"code_insee": "63092", "nom": "Charbonnières-les-Varennes", "departement": "Puy-de-Dôme", "prix_m2_median": 2000, "prix_m2_median_maison": 2000, "prix_m2_median_appartement": null, "nb_ventes": 34, "evolution_prix_pct": null, "part_passoires_dpe_pct": 22.5, "fiabilite": "bonne", "url": "https://vendsmonbien.com/prix-immobilier/63-puy-de-dome/charbonnieres-les-varennes/"}}, {"type": "Feature", "geometry": {"type": "Point", "coordinates": [3.2811, 45.4182]}, "properties": {"code_insee": "63091", "nom": "Charbonnier-les-Mines", "departement": "Puy-de-Dôme", "prix_m2_median": 1740, "prix_m2_median_maison": 1680, "prix_m2_median_appartement": null, "nb_ventes": 20, "evolution_prix_pct": null, "part_passoires_dpe_pct": null, "fiabilite": "indicative", "url": "https://vendsmonbien.com/prix-immobilier/63-puy-de-dome/charbonnier-les-mines/"}}, {"type": "Feature", "geometry": {"type": "Point", "coordinates": [2.7518, 45.5132]}, "properties": {"code_insee": "63098", "nom": "Chastreix", "departement": "Puy-de-Dôme", "prix_m2_median": 2440, "prix_m2_median_maison": 2440, "prix_m2_median_appartement": 2410, "nb_ventes": 19, "evolution_prix_pct": null, "part_passoires_dpe_pct": null, "fiabilite": "indicative", "url": "https://vendsmonbien.com/prix-immobilier/63-puy-de-dome/chastreix/"}}, {"type": "Feature", "geometry": {"type": "Point", "coordinates": [3.0996, 45.8544]}, "properties": {"code_insee": "63099", "nom": "Châteaugay", "departement": "Puy-de-Dôme", "prix_m2_median": 2040, "prix_m2_median_maison": 2090, "prix_m2_median_appartement": 1940, "nb_ventes": 78, "evolution_prix_pct": 11.0, "part_passoires_dpe_pct": 17.5, "fiabilite": "bonne", "url": "https://vendsmonbien.com/prix-immobilier/63-puy-de-dome/chateaugay/"}}, {"type": "Feature", "geometry": {"type": "Point", "coordinates": [3.5487, 45.9734]}, "properties": {"code_insee": "63102", "nom": "Châteldon", "departement": "Puy-de-Dôme", "prix_m2_median": 1210, "prix_m2_median_maison": 1210, "prix_m2_median_appartement": null, "nb_ventes": 24, "evolution_prix_pct": null, "part_passoires_dpe_pct": null, "fiabilite": "indicative", "url": "https://vendsmonbien.com/prix-immobilier/63-puy-de-dome/chateldon/"}}, {"type": "Feature", "geometry": {"type": "Point", "coordinates": [3.0634, 45.9212]}, "properties": {"code_insee": "63103", "nom": "Châtel-Guyon", "departement": "Puy-de-Dôme", "prix_m2_median": 2110, "prix_m2_median_maison": 2220, "prix_m2_median_appartement": 1990, "nb_ventes": 284, "evolution_prix_pct": 6.7, "part_passoires_dpe_pct": 23.7, "fiabilite": "élevée", "url": "https://vendsmonbien.com/prix-immobilier/63-puy-de-dome/chatel-guyon/"}}, {"type": "Feature", "geometry": {"type": "Point", "coordinates": [3.2776, 45.7434]}, "properties": {"code_insee": "63106", "nom": "Chauriat", "departement": "Puy-de-Dôme", "prix_m2_median": 2050, "prix_m2_median_maison": 2040, "prix_m2_median_appartement": null, "nb_ventes": 46, "evolution_prix_pct": 11.3, "part_passoires_dpe_pct": 12.1, "fiabilite": "bonne", "url": "https://vendsmonbien.com/prix-immobilier/63-puy-de-dome/chauriat/"}}, {"type": "Feature", "geometry": {"type": "Point", "coordinates": [3.1918, 45.917]}, "properties": {"code_insee": "63112", "nom": "Clerlande", "departement": "Puy-de-Dôme", "prix_m2_median": 2300, "prix_m2_median_maison": 2300, "prix_m2_median_appartement": null, "nb_ventes": 17, "evolution_prix_pct": null, "part_passoires_dpe_pct": null, "fiabilite": "indicative", "url": "https://vendsmonbien.com/prix-immobilier/63-puy-de-dome/clerlande/"}}, {"type": "Feature", "geometry": {"type": "Point", "coordinates": [3.1127, 45.787]}, "properties": {"code_insee": "63113", "nom": "Clermont-Ferrand", "departement": "Puy-de-Dôme", "prix_m2_median": 2190, "prix_m2_median_maison": 2480, "prix_m2_median_appartement": 2140, "nb_ventes": 6011, "evolution_prix_pct": -3.1, "part_passoires_dpe_pct": 10.4, "fiabilite": "élevée", "url": "https://vendsmonbien.com/prix-immobilier/63-puy-de-dome/clermont-ferrand/"}}, {"type": "Feature", "geometry": {"type": "Point", "coordinates": [3.0819, 45.9881]}, "properties": {"code_insee": "63116", "nom": "Combronde", "departement": "Puy-de-Dôme", "prix_m2_median": 1900, "prix_m2_median_maison": 1900, "prix_m2_median_appartement": null, "nb_ventes": 79, "evolution_prix_pct": 5.3, "part_passoires_dpe_pct": 18.2, "fiabilite": "bonne", "url": "https://vendsmonbien.com/prix-immobilier/63-puy-de-dome/combronde/"}}, {"type": "Feature", "geometry": {"type": "Point", "coordinates": [3.195, 45.6599]}, "properties": {"code_insee": "63120", "nom": "Corent", "departement": "Puy-de-Dôme", "prix_m2_median": 1840, "prix_m2_median_maison": 1900, "prix_m2_median_appartement": null, "nb_ventes": 22, "evolution_prix_pct": null, "part_passoires_dpe_pct": null, "fiabilite": "indicative", "url": "https://vendsmonbien.com/prix-immobilier/63-puy-de-dome/corent/"}}, {"type": "Feature", "geometry": {"type": "Point", "coordinates": [3.2032, 45.6126]}, "properties": {"code_insee": "63121", "nom": "Coudes", "departement": "Puy-de-Dôme", "prix_m2_median": 1880, "prix_m2_median_maison": 1900, "prix_m2_median_appartement": null, "nb_ventes": 36, "evolution_prix_pct": null, "part_passoires_dpe_pct": 9.2, "fiabilite": "bonne", "url": "https://vendsmonbien.com/prix-immobilier/63-puy-de-dome/coudes/"}}, {"type": "Feature", "geometry": {"type": "Point", "coordinates": [3.1885, 45.742]}, "properties": {"code_insee": "63124", "nom": "Cournon-d'Auvergne", "departement": "Puy-de-Dôme", "prix_m2_median": 2310, "prix_m2_median_maison": 2360, "prix_m2_median_appartement": 2250, "nb_ventes": 640, "evolution_prix_pct": -7.8, "part_passoires_dpe_pct": 5.1, "fiabilite": "élevée", "url": "https://vendsmonbien.com/prix-immobilier/63-puy-de-dome/cournon-dauvergne/"}}, {"type": "Feature", "geometry": {"type": "Point", "coordinates": [3.5405, 45.7578]}, "properties": {"code_insee": "63125", "nom": "Courpière", "departement": "Puy-de-Dôme", "prix_m2_median": 1430, "prix_m2_median_maison": 1430, "prix_m2_median_appartement": null, "nb_ventes": 75, "evolution_prix_pct": -10.7, "part_passoires_dpe_pct": 14.9, "fiabilite": "bonne", "url": "https://vendsmonbien.com/prix-immobilier/63-puy-de-dome/courpiere/"}}, {"type": "Feature", "geometry": {"type": "Point", "coordinates": [2.6088, 45.4676]}, "properties": {"code_insee": "63129", "nom": "Cros", "departement": "Puy-de-Dôme", "prix_m2_median": 1660, "prix_m2_median_maison": 1660, "prix_m2_median_appartement": null, "nb_ventes": 16, "evolution_prix_pct": null, "part_passoires_dpe_pct": null, "fiabilite": "indicative", "url": "https://vendsmonbien.com/prix-immobilier/63-puy-de-dome/cros/"}}, {"type": "Feature", "geometry": {"type": "Point", "coordinates": [3.3393, 45.8605]}, "properties": {"code_insee": "63131", "nom": "Culhat", "departement": "Puy-de-Dôme", "prix_m2_median": 1790, "prix_m2_median_maison": 1790, "prix_m2_median_appartement": null, "nb_ventes": 36, "evolution_prix_pct": null, "part_passoires_dpe_pct": 22.7, "fiabilite": "bonne", "url": "https://vendsmonbien.com/prix-immobilier/63-puy-de-dome/culhat/"}}, {"type": "Feature", "geometry": {"type": "Point", "coordinates": [3.5643, 45.6326]}, "properties": {"code_insee": "63132", "nom": "Cunlhat", "departement": "Puy-de-Dôme", "prix_m2_median": 1300, "prix_m2_median_maison": 1340, "prix_m2_median_appartement": null, "nb_ventes": 37, "evolution_prix_pct": null, "part_passoires_dpe_pct": 27.5, "fiabilite": "bonne", "url": "https://vendsmonbien.com/prix-immobilier/63-puy-de-dome/cunlhat/"}}, {"type": "Feature", "geometry": {"type": "Point", "coordinates": [3.1143, 45.9468]}, "properties": {"code_insee": "63135", "nom": "Davayat", "departement": "Puy-de-Dôme", "prix_m2_median": 2230, "prix_m2_median_maison": 2230, "prix_m2_median_appartement": null, "nb_ventes": 18, "evolution_prix_pct": null, "part_passoires_dpe_pct": null, "fiabilite": "indicative", "url": "https://vendsmonbien.com/prix-immobilier/63-puy-de-dome/davayat/"}}, {"type": "Feature", "geometry": {"type": "Point", "coordinates": [3.0554, 45.795]}, "properties": {"code_insee": "63141", "nom": "Durtol", "departement": "Puy-de-Dôme", "prix_m2_median": 2460, "prix_m2_median_maison": 2530, "prix_m2_median_appartement": null, "nb_ventes": 48, "evolution_prix_pct": null, "part_passoires_dpe_pct": 32.6, "fiabilite": "bonne", "url": "https://vendsmonbien.com/prix-immobilier/63-puy-de-dome/durtol/"}}, {"type": "Feature", "geometry": {"type": "Point", "coordinates": [3.2778, 46.0393]}, "properties": {"code_insee": "63143", "nom": "Effiat", "departement": "Puy-de-Dôme", "prix_m2_median": 1670, "prix_m2_median_maison": 1670, "prix_m2_median_appartement": null, "nb_ventes": 21, "evolution_prix_pct": null, "part_passoires_dpe_pct": null, "fiabilite": "indicative", "url": "https://vendsmonbien.com/prix-immobilier/63-puy-de-dome/effiat/"}}, {"type": "Feature", "geometry": {"type": "Point", "coordinates": [2.8196, 45.4264]}, "properties": {"code_insee": "63144", "nom": "Égliseneuve-d'Entraigues", "departement": "Puy-de-Dôme", "prix_m2_median": 1380, "prix_m2_median_maison": 1270, "prix_m2_median_appartement": null, "nb_ventes": 25, "evolution_prix_pct": null, "part_passoires_dpe_pct": null, "fiabilite": "indicative", "url": "https://vendsmonbien.com/prix-immobilier/63-puy-de-dome/egliseneuve-dentraigues/"}}, {"type": "Feature", "geometry": {"type": "Point", "coordinates": [3.3872, 45.7199]}, "properties": {"code_insee": "63146", "nom": "Égliseneuve-près-Billom", "departement": "Puy-de-Dôme", "prix_m2_median": 1960, "prix_m2_median_maison": 1960, "prix_m2_median_appartement": null, "nb_ventes": 17, "evolution_prix_pct": null, "part_passoires_dpe_pct": null, "fiabilite": "indicative", "url": "https://vendsmonbien.com/prix-immobilier/63-puy-de-dome/egliseneuve-pres-billom/"}}, {"type": "Feature", "geometry": {"type": "Point", "coordinates": [3.2162, 45.8965]}, "properties": {"code_insee": "63148", "nom": "Ennezat", "departement": "Puy-de-Dôme", "prix_m2_median": 2410, "prix_m2_median_maison": 2420, "prix_m2_median_appartement": null, "nb_ventes": 51, "evolution_prix_pct": 5.4, "part_passoires_dpe_pct": 11.1, "fiabilite": "bonne", "url": "https://vendsmonbien.com/prix-immobilier/63-puy-de-dome/ennezat/"}}, {"type": "Feature", "geometry": {"type": "Point", "coordinates": [3.2636, 45.8844]}, "properties": {"code_insee": "63149", "nom": "Entraigues", "departement": "Puy-de-Dôme", "prix_m2_median": 2210, "prix_m2_median_maison": 2210, "prix_m2_median_appartement": null, "nb_ventes": 18, "evolution_prix_pct": null, "part_passoires_dpe_pct": null, "fiabilite": "indicative", "url": "https://vendsmonbien.com/prix-immobilier/63-puy-de-dome/entraigues/"}}, {"type": "Feature", "geometry": {"type": "Point", "coordinates": [3.051, 45.8965]}, "properties": {"code_insee": "63150", "nom": "Enval", "departement": "Puy-de-Dôme", "prix_m2_median": 2300, "prix_m2_median_maison": 2300, "prix_m2_median_appartement": null, "nb_ventes": 32, "evolution_prix_pct": null, "part_passoires_dpe_pct": 20.4, "fiabilite": "bonne", "url": "https://vendsmonbien.com/prix-immobilier/63-puy-de-dome/enval/"}}, {"type": "Feature", "geometry": {"type": "Point", "coordinates": [3.1601, 45.8277]}, "properties": {"code_insee": "63164", "nom": "Gerzat", "departement": "Puy-de-Dôme", "prix_m2_median": 2100, "prix_m2_median_maison": 2300, "prix_m2_median_appartement": 1910, "nb_ventes": 327, "evolution_prix_pct": 0.5, "part_passoires_dpe_pct": 8.2, "fiabilite": "élevée", "url": "https://vendsmonbien.com/prix-immobilier/63-puy-de-dome/gerzat/"}}, {"type": "Feature", "geometry": {"type": "Point", "coordinates": [3.2444, 45.5442]}, "properties": {"code_insee": "63178", "nom": "Issoire", "departement": "Puy-de-Dôme", "prix_m2_median": 1950, "prix_m2_median_maison": 2130, "prix_m2_median_appartement": 1810, "nb_ventes": 605, "evolution_prix_pct": 7.0, "part_passoires_dpe_pct": 6.8, "fiabilite": "élevée", "url": "https://vendsmonbien.com/prix-immobilier/63-puy-de-dome/issoire/"}}, {"type": "Feature", "geometry": {"type": "Point", "coordinates": [3.7669, 45.6295]}, "properties": {"code_insee": "63179", "nom": "Job", "departement": "Puy-de-Dôme", "prix_m2_median": 1370, "prix_m2_median_maison": 1370, "prix_m2_median_appartement": null, "nb_ventes": 17, "evolution_prix_pct": null, "part_passoires_dpe_pct": null, "fiabilite": "indicative", "url": "https://vendsmonbien.com/prix-immobilier/63-puy-de-dome/job/"}}, {"type": "Feature", "geometry": {"type": "Point", "coordinates": [3.306, 45.8691]}, "properties": {"code_insee": "63180", "nom": "Joze", "departement": "Puy-de-Dôme", "prix_m2_median": 2060, "prix_m2_median_maison": 2060, "prix_m2_median_appartement": null, "nb_ventes": 19, "evolution_prix_pct": null, "part_passoires_dpe_pct": null, "fiabilite": "indicative", "url": "https://vendsmonbien.com/prix-immobilier/63-puy-de-dome/joze/"}}, {"type": "Feature", "geometry": {"type": "Point", "coordinates": [2.7467, 45.5788]}, "properties": {"code_insee": "63047", "nom": "La Bourboule", "departement": "Puy-de-Dôme", "prix_m2_median": 1830, "prix_m2_median_maison": 1570, "prix_m2_median_appartement": 1840, "nb_ventes": 221, "evolution_prix_pct": 0.6, "part_passoires_dpe_pct": 33.0, "fiabilite": "élevée", "url": "https://vendsmonbien.com/prix-immobilier/63-puy-de-dome/la-bourboule/"}}, {"type": "Feature", "geometry": {"type": "Point", "coordinates": [3.614, 45.872]}, "properties": {"code_insee": "63231", "nom": "La Monnerie-le-Montel", "departement": "Puy-de-Dôme", "prix_m2_median": 1240, "prix_m2_median_maison": 1240, "prix_m2_median_appartement": null, "nb_ventes": 23, "evolution_prix_pct": null, "part_passoires_dpe_pct": null, "fiabilite": "indicative", "url": "https://vendsmonbien.com/prix-immobilier/63-puy-de-dome/la-monnerie-le-montel/"}}, {"type": "Feature", "geometry": {"type": "Point", "coordinates": [3.3311, 45.4752]}, "properties": {"code_insee": "63185", "nom": "Lamontgie", "departement": "Puy-de-Dôme", "prix_m2_median": 1270, "prix_m2_median_maison": 1270, "prix_m2_median_appartement": null, "nb_ventes": 18, "evolution_prix_pct": null, "part_passoires_dpe_pct": null, "fiabilite": "indicative", "url": "https://vendsmonbien.com/prix-immobilier/63-puy-de-dome/lamontgie/"}}, {"type": "Feature", "geometry": {"type": "Point", "coordinates": [3.2683, 45.6701]}, "properties": {"code_insee": "63188", "nom": "Laps", "departement": "Puy-de-Dôme", "prix_m2_median": 1740, "prix_m2_median_maison": 1740, "prix_m2_median_appartement": null, "nb_ventes": 17, "evolution_prix_pct": null, "part_passoires_dpe_pct": null, "fiabilite": "indicative", "url": "https://vendsmonbien.com/prix-immobilier/63-puy-de-dome/laps/"}}, {"type": "Feature", "geometry": {"type": "Point", "coordinates": [3.1384, 45.7134]}, "properties": {"code_insee": "63302", "nom": "La Roche-Blanche", "departement": "Puy-de-Dôme", "prix_m2_median": 2430, "prix_m2_median_maison": 2490, "prix_m2_median_appartement": null, "nb_ventes": 54, "evolution_prix_pct": 6.2, "part_passoires_dpe_pct": 20.3, "fiabilite": "bonne", "url": "https://vendsmonbien.com/prix-immobilier/63-puy-de-dome/la-roche-blanche/"}}, {"type": "Feature", "geometry": {"type": "Point", "coordinates": [2.7117, 45.5413]}, "properties": {"code_insee": "63192", "nom": "La Tour-d'Auvergne", "departement": "Puy-de-Dôme", "prix_m2_median": 1580, "prix_m2_median_maison": 1540, "prix_m2_median_appartement": null, "nb_ventes": 23, "evolution_prix_pct": null, "part_passoires_dpe_pct": null, "fiabilite": "indicative", "url": "https://vendsmonbien.com/prix-immobilier/63-puy-de-dome/la-tour-dauvergne/"}}, {"type": "Feature", "geometry": {"type": "Point", "coordinates": [3.2688, 45.4702]}, "properties": {"code_insee": "63052", "nom": "Le Breuil-sur-Couze", "departement": "Puy-de-Dôme", "prix_m2_median": 1330, "prix_m2_median_maison": 1330, "prix_m2_median_appartement": null, "nb_ventes": 15, "evolution_prix_pct": null, "part_passoires_dpe_pct": null, "fiabilite": "indicative", "url": "https://vendsmonbien.com/prix-immobilier/63-puy-de-dome/le-breuil-sur-couze/"}}, {"type": "Feature", "geometry": {"type": "Point", "coordinates": [3.2543, 45.5036]}, "properties": {"code_insee": "63054", "nom": "Le Broc", "departement": "Puy-de-Dôme", "prix_m2_median": 1500, "prix_m2_median_maison": 1500, "prix_m2_median_appartement": null, "nb_ventes": 16, "evolution_prix_pct": null, "part_passoires_dpe_pct": null, "fiabilite": "indicative", "url": "https://vendsmonbien.com/prix-immobilier/63-puy-de-dome/le-broc/"}}, {"type": "Feature", "geometry": {"type": "Point", "coordinates": [3.1947, 45.7164]}, "properties": {"code_insee": "63069", "nom": "Le Cendre", "departement": "Puy-de-Dôme", "prix_m2_median": 2320, "prix_m2_median_maison": 2290, "prix_m2_median_appartement": 2580, "nb_ventes": 164, "evolution_prix_pct": -13.9, "part_passoires_dpe_pct": 8.7, "fiabilite": "élevée", "url": "https://vendsmonbien.com/prix-immobilier/63-puy-de-dome/le-cendre/"}}, {"type": "Feature", "geometry": {"type": "Point", "coordinates": [3.1826, 45.9563]}, "properties": {"code_insee": "63108", "nom": "Le Cheix-sur-Morge", "departement": "Puy-de-Dôme", "prix_m2_median": 2140, "prix_m2_median_maison": 2140, "prix_m2_median_appartement": null, "nb_ventes": 16, "evolution_prix_pct": null, "part_passoires_dpe_pct": null, "fiabilite": "indicative", "url": "https://vendsmonbien.com/prix-immobilier/63-puy-de-dome/le-cheix-sur-morge/"}}, {"type": "Feature", "geometry": {"type": "Point", "coordinates": [3.1358, 45.6882]}, "properties": {"code_insee": "63126", "nom": "Le Crest", "departement": "Puy-de-Dôme", "prix_m2_median": 1800, "prix_m2_median_maison": 1800, "prix_m2_median_appartement": null, "nb_ventes": 25, "evolution_prix_pct": null, "part_passoires_dpe_pct": null, "fiabilite": "indicative", "url": "https://vendsmonbien.com/prix-immobilier/63-puy-de-dome/le-crest/"}}, {"type": "Feature", "geometry": {"type": "Point", "coordinates": [3.192, 45.7719]}, "properties": {"code_insee": "63193", "nom": "Lempdes", "departement": "Puy-de-Dôme", "prix_m2_median": 2360, "prix_m2_median_maison": 2400, "prix_m2_median_appartement": 2120, "nb_ventes": 255, "evolution_prix_pct": 1.7, "part_passoires_dpe_pct": 6.0, "fiabilite": "élevée", "url": "https://vendsmonbien.com/prix-immobilier/63-puy-de-dome/lempdes/"}}, {"type": "Feature", "geometry": {"type": "Point", "coordinates": [2.8096, 45.9378]}, "properties": {"code_insee": "63004", "nom": "Les Ancizes-Comps", "departement": "Puy-de-Dôme", "prix_m2_median": 1450, "prix_m2_median_maison": 1440, "prix_m2_median_appartement": null, "nb_ventes": 39, "evolution_prix_pct": null, "part_passoires_dpe_pct": 26.5, "fiabilite": "bonne", "url": "https://vendsmonbien.com/prix-immobilier/63-puy-de-dome/les-ancizes-comps/"}}, {"type": "Feature", "geometry": {"type": "Point", "coordinates": [3.1502, 45.5538]}, "properties": {"code_insee": "63109", "nom": "Les Deux-Rives", "departement": "Puy-de-Dôme", "prix_m2_median": 1660, "prix_m2_median_maison": 1670, "prix_m2_median_appartement": null, "nb_ventes": 16, "evolution_prix_pct": null, "part_passoires_dpe_pct": null, "fiabilite": "indicative", "url": "https://vendsmonbien.com/prix-immobilier/63-puy-de-dome/les-deux-rives/"}}, {"type": "Feature", "geometry": {"type": "Point", "coordinates": [3.2617, 45.8306]}, "properties": {"code_insee": "63213", "nom": "Les Martres-d'Artière", "departement": "Puy-de-Dôme", "prix_m2_median": 2270, "prix_m2_median_maison": 2270, "prix_m2_median_appartement": null, "nb_ventes": 45, "evolution_prix_pct": -16.2, "part_passoires_dpe_pct": 16.0, "fiabilite": "bonne", "url": "https://vendsmonbien.com/prix-immobilier/63-puy-de-dome/les-martres-dartiere/"}}, {"type": "Feature", "geometry": {"type": "Point", "coordinates": [3.199, 45.689]}, "properties": {"code_insee": "63214", "nom": "Les Martres-de-Veyre", "departement": "Puy-de-Dôme", "prix_m2_median": 2200, "prix_m2_median_maison": 2220, "prix_m2_median_appartement": 1960, "nb_ventes": 114, "evolution_prix_pct": -6.9, "part_passoires_dpe_pct": 7.8, "fiabilite": "élevée", "url": "https://vendsmonbien.com/prix-immobilier/63-puy-de-dome/les-martres-de-veyre/"}}, {"type": "Feature", "geometry": {"type": "Point", "coordinates": [3.4574, 45.4962]}, "properties": {"code_insee": "63448", "nom": "Le Vernet-Chaméane", "departement": "Puy-de-Dôme", "prix_m2_median": 1280, "prix_m2_median_maison": 1280, "prix_m2_median_appartement": null, "nb_ventes": 19, "evolution_prix_pct": null, "part_passoires_dpe_pct": null, "fiabilite": "indicative", "url": "https://vendsmonbien.com/prix-immobilier/63-puy-de-dome/le-vernet-chameane/"}}, {"type": "Feature", "geometry": {"type": "Point", "coordinates": [3.3888, 45.8328]}, "properties": {"code_insee": "63195", "nom": "Lezoux", "departement": "Puy-de-Dôme", "prix_m2_median": 1980, "prix_m2_median_maison": 1980, "prix_m2_median_appartement": null, "nb_ventes": 165, "evolution_prix_pct": 17.9, "part_passoires_dpe_pct": 13.1, "fiabilite": "élevée", "url": "https://vendsmonbien.com/prix-immobilier/63-puy-de-dome/lezoux/"}}, {"type": "Feature", "geometry": {"type": "Point", "coordinates": [3.0042, 45.9381]}, "properties": {"code_insee": "63198", "nom": "Loubeyrat", "departement": "Puy-de-Dôme", "prix_m2_median": 1940, "prix_m2_median_maison": 1940, "prix_m2_median_appartement": null, "nb_ventes": 16, "evolution_prix_pct": null, "part_passoires_dpe_pct": null, "fiabilite": "indicative", "url": "https://vendsmonbien.com/prix-immobilier/63-puy-de-dome/loubeyrat/"}}, {"type": "Feature", "geometry": {"type": "Point", "coordinates": [3.2312, 45.836]}, "properties": {"code_insee": "63200", "nom": "Lussat", "departement": "Puy-de-Dôme", "prix_m2_median": 2140, "prix_m2_median_maison": 2140, "prix_m2_median_appartement": null, "nb_ventes": 23, "evolution_prix_pct": null, "part_passoires_dpe_pct": null, "fiabilite": "indicative", "url": "https://vendsmonbien.com/prix-immobilier/63-puy-de-dome/lussat/"}}, {"type": "Feature", "geometry": {"type": "Point", "coordinates": [3.3791, 45.957]}, "properties": {"code_insee": "63201", "nom": "Luzillat", "departement": "Puy-de-Dôme", "prix_m2_median": 1560, "prix_m2_median_maison": 1560, "prix_m2_median_appartement": null, "nb_ventes": 27, "evolution_prix_pct": null, "part_passoires_dpe_pct": null, "fiabilite": "indicative", "url": "https://vendsmonbien.com/prix-immobilier/63-puy-de-dome/luzillat/"}}, {"type": "Feature", "geometry": {"type": "Point", "coordinates": [3.1871, 45.8127]}, "properties": {"code_insee": "63204", "nom": "Malintrat", "departement": "Puy-de-Dôme", "prix_m2_median": 2010, "prix_m2_median_maison": 2010, "prix_m2_median_appartement": null, "nb_ventes": 21, "evolution_prix_pct": null, "part_passoires_dpe_pct": null, "fiabilite": "indicative", "url": "https://vendsmonbien.com/prix-immobilier/63-puy-de-dome/malintrat/"}}, {"type": "Feature", "geometry": {"type": "Point", "coordinates": [3.3556, 45.616]}, "properties": {"code_insee": "63205", "nom": "Manglieu", "departement": "Puy-de-Dôme", "prix_m2_median": 1220, "prix_m2_median_maison": 1220, "prix_m2_median_appartement": null, "nb_ventes": 17, "evolution_prix_pct": null, "part_passoires_dpe_pct": null, "fiabilite": "indicative", "url": "https://vendsmonbien.com/prix-immobilier/63-puy-de-dome/manglieu/"}}, {"type": "Feature", "geometry": {"type": "Point", "coordinates": [2.9448, 45.9436]}, "properties": {"code_insee": "63206", "nom": "Manzat", "departement": "Puy-de-Dôme", "prix_m2_median": 1720, "prix_m2_median_maison": 1720, "prix_m2_median_appartement": null, "nb_ventes": 16, "evolution_prix_pct": null, "part_passoires_dpe_pct": null, "fiabilite": "indicative", "url": "https://vendsmonbien.com/prix-immobilier/63-puy-de-dome/manzat/"}}, {"type": "Feature", "geometry": {"type": "Point", "coordinates": [3.6812, 45.6767]}, "properties": {"code_insee": "63207", "nom": "Marat", "departement": "Puy-de-Dôme", "prix_m2_median": 1160, "prix_m2_median_maison": 1170, "prix_m2_median_appartement": null, "nb_ventes": 20, "evolution_prix_pct": null, "part_passoires_dpe_pct": null, "fiabilite": "indicative", "url": "https://vendsmonbien.com/prix-immobilier/63-puy-de-dome/marat/"}}, {"type": "Feature", "geometry": {"type": "Point", "coordinates": [3.3435, 45.922]}, "properties": {"code_insee": "63210", "nom": "Maringues", "departement": "Puy-de-Dôme", "prix_m2_median": 1540, "prix_m2_median_maison": 1540, "prix_m2_median_appartement": null, "nb_ventes": 57, "evolution_prix_pct": 12.1, "part_passoires_dpe_pct": 15.2, "fiabilite": "bonne", "url": "https://vendsmonbien.com/prix-immobilier/63-puy-de-dome/maringues/"}}, {"type": "Feature", "geometry": {"type": "Point", "coordinates": [3.7237, 45.4789]}, "properties": {"code_insee": "63211", "nom": "Marsac-en-Livradois", "departement": "Puy-de-Dôme", "prix_m2_median": 1320, "prix_m2_median_maison": 1280, "prix_m2_median_appartement": null, "nb_ventes": 27, "evolution_prix_pct": null, "part_passoires_dpe_pct": null, "fiabilite": "indicative", "url": "https://vendsmonbien.com/prix-immobilier/63-puy-de-dome/marsac-en-livradois/"}}, {"type": "Feature", "geometry": {"type": "Point", "coordinates": [3.0822, 45.8732]}, "properties": {"code_insee": "63212", "nom": "Marsat", "departement": "Puy-de-Dôme", "prix_m2_median": 2070, "prix_m2_median_maison": 2070, "prix_m2_median_appartement": null, "nb_ventes": 42, "evolution_prix_pct": 31.1, "part_passoires_dpe_pct": 17.1, "fiabilite": "bonne", "url": "https://vendsmonbien.com/prix-immobilier/63-puy-de-dome/marsat/"}}, {"type": "Feature", "geometry": {"type": "Point", "coordinates": [3.2193, 45.9376]}, "properties": {"code_insee": "63215", "nom": "Martres-sur-Morge", "departement": "Puy-de-Dôme", "prix_m2_median": 2460, "prix_m2_median_maison": 2460, "prix_m2_median_appartement": null, "nb_ventes": 21, "evolution_prix_pct": null, "part_passoires_dpe_pct": null, "fiabilite": "indicative", "url": "https://vendsmonbien.com/prix-immobilier/63-puy-de-dome/martres-sur-morge/"}}, {"type": "Feature", "geometry": {"type": "Point", "coordinates": [3.1336, 45.8633]}, "properties": {"code_insee": "63224", "nom": "Ménétrol", "departement": "Puy-de-Dôme", "prix_m2_median": 2300, "prix_m2_median_maison": 2300, "prix_m2_median_appartement": null, "nb_ventes": 31, "evolution_prix_pct": null, "part_passoires_dpe_pct": 7.5, "fiabilite": "bonne", "url": "https://vendsmonbien.com/prix-immobilier/63-puy-de-dome/menetrol/"}}, {"type": "Feature", "geometry": {"type": "Point", "coordinates": [2.5452, 45.6083]}, "properties": {"code_insee": "63225", "nom": "Messeix", "departement": "Puy-de-Dôme", "prix_m2_median": 1040, "prix_m2_median_maison": 1030, "prix_m2_median_appartement": null, "nb_ventes": 21, "evolution_prix_pct": null, "part_passoires_dpe_pct": null, "fiabilite": "indicative", "url": "https://vendsmonbien.com/prix-immobilier/63-puy-de-dome/messeix/"}}, {"type": "Feature", "geometry": {"type": "Point", "coordinates": [3.225, 45.6904]}, "properties": {"code_insee": "63227", "nom": "Mirefleurs", "departement": "Puy-de-Dôme", "prix_m2_median": 2460, "prix_m2_median_maison": 2470, "prix_m2_median_appartement": null, "nb_ventes": 57, "evolution_prix_pct": 1.7, "part_passoires_dpe_pct": 13.7, "fiabilite": "bonne", "url": "https://vendsmonbien.com/prix-immobilier/63-puy-de-dome/mirefleurs/"}}, {"type": "Feature", "geometry": {"type": "Point", "coordinates": [2.8016, 46.1804]}, "properties": {"code_insee": "63233", "nom": "Montaigut-en-Combraille", "departement": "Puy-de-Dôme", "prix_m2_median": 1130, "prix_m2_median_maison": 1160, "prix_m2_median_appartement": null, "nb_ventes": 17, "evolution_prix_pct": null, "part_passoires_dpe_pct": null, "fiabilite": "indicative", "url": "https://vendsmonbien.com/prix-immobilier/63-puy-de-dome/montaigut-en-combraille/"}}, {"type": "Feature", "geometry": {"type": "Point", "coordinates": [3.0783, 45.5825]}, "properties": {"code_insee": "63234", "nom": "Montaigut-le-Blanc", "departement": "Puy-de-Dôme", "prix_m2_median": 1700, "prix_m2_median_maison": 1700, "prix_m2_median_appartement": null, "nb_ventes": 16, "evolution_prix_pct": null, "part_passoires_dpe_pct": null, "fiabilite": "indicative", "url": "https://vendsmonbien.com/prix-immobilier/63-puy-de-dome/montaigut-le-blanc/"}}, {"type": "Feature", "geometry": {"type": "Point", "coordinates": [2.806, 45.5733]}, "properties": {"code_insee": "63236", "nom": "Mont-Dore", "departement": "Puy-de-Dôme", "prix_m2_median": 2530, "prix_m2_median_maison": 2440, "prix_m2_median_appartement": 2560, "nb_ventes": 271, "evolution_prix_pct": -2.0, "part_passoires_dpe_pct": 29.8, "fiabilite": "élevée", "url": "https://vendsmonbien.com/prix-immobilier/63-puy-de-dome/mont-dore/"}}, {"type": "Feature", "geometry": {"type": "Point", "coordinates": [3.0852, 45.8924]}, "properties": {"code_insee": "63245", "nom": "Mozac", "departement": "Puy-de-Dôme", "prix_m2_median": 2380, "prix_m2_median_maison": 2390, "prix_m2_median_appartement": 2090, "nb_ventes": 100, "evolution_prix_pct": -5.2, "part_passoires_dpe_pct": 9.8, "fiabilite": "élevée", "url": "https://vendsmonbien.com/prix-immobilier/63-puy-de-dome/mozac/"}}, {"type": "Feature", "geometry": {"type": "Point", "coordinates": [2.7552, 45.6048]}, "properties": {"code_insee": "63246", "nom": "Murat-le-Quaire", "departement": "Puy-de-Dôme", "prix_m2_median": 1580, "prix_m2_median_maison": 2690, "prix_m2_median_appartement": 1070, "nb_ventes": 38, "evolution_prix_pct": null, "part_passoires_dpe_pct": 53.5, "fiabilite": "bonne", "url": "https://vendsmonbien.com/prix-immobilier/63-puy-de-dome/murat-le-quaire/"}}, {"type": "Feature", "geometry": {"type": "Point", "coordinates": [2.908, 45.5856]}, "properties": {"code_insee": "63247", "nom": "Murol", "departement": "Puy-de-Dôme", "prix_m2_median": 1770, "prix_m2_median_maison": 2440, "prix_m2_median_appartement": 1480, "nb_ventes": 34, "evolution_prix_pct": null, "part_passoires_dpe_pct": 51.8, "fiabilite": "bonne", "url": "https://vendsmonbien.com/prix-immobilier/63-puy-de-dome/murol/"}}, {"type": "Feature", "geometry": {"type": "Point", "coordinates": [3.2421, 45.7603]}, "properties": {"code_insee": "63226", "nom": "Mur-sur-Allier", "departement": "Puy-de-Dôme", "prix_m2_median": 1900, "prix_m2_median_maison": 1900, "prix_m2_median_appartement": null, "nb_ventes": 91, "evolution_prix_pct": 0.0, "part_passoires_dpe_pct": 16.4, "fiabilite": "bonne", "url": "https://vendsmonbien.com/prix-immobilier/63-puy-de-dome/mur-sur-allier/"}}, {"type": "Feature", "geometry": {"type": "Point", "coordinates": [3.1684, 45.5892]}, "properties": {"code_insee": "63250", "nom": "Neschers", "departement": "Puy-de-Dôme", "prix_m2_median": 1860, "prix_m2_median_maison": 1860, "prix_m2_median_appartement": null, "nb_ventes": 18, "evolution_prix_pct": null, "part_passoires_dpe_pct": null, "fiabilite": "indicative", "url": "https://vendsmonbien.com/prix-immobilier/63-puy-de-dome/neschers/"}}, {"type": "Feature", "geometry": {"type": "Point", "coordinates": [3.0588, 45.8117]}, "properties": {"code_insee": "63254", "nom": "Nohanent", "departement": "Puy-de-Dôme", "prix_m2_median": 2230, "prix_m2_median_maison": 2250, "prix_m2_median_appartement": null, "nb_ventes": 50, "evolution_prix_pct": -22.4, "part_passoires_dpe_pct": 23.7, "fiabilite": "bonne", "url": "https://vendsmonbien.com/prix-immobilier/63-puy-de-dome/nohanent/"}}, {"type": "Feature", "geometry": {"type": "Point", "coordinates": [3.2693, 45.568]}, "properties": {"code_insee": "63261", "nom": "Orbeil", "departement": "Puy-de-Dôme", "prix_m2_median": 2200, "prix_m2_median_maison": 2200, "prix_m2_median_appartement": null, "nb_ventes": 22, "evolution_prix_pct": null, "part_passoires_dpe_pct": null, "fiabilite": "indicative", "url": "https://vendsmonbien.com/prix-immobilier/63-puy-de-dome/orbeil/"}}, {"type": "Feature", "geometry": {"type": "Point", "coordinates": [3.1749, 45.7077]}, "properties": {"code_insee": "63262", "nom": "Orcet", "departement": "Puy-de-Dôme", "prix_m2_median": 2380, "prix_m2_median_maison": 2380, "prix_m2_median_appartement": null, "nb_ventes": 85, "evolution_prix_pct": -20.2, "part_passoires_dpe_pct": 8.4, "fiabilite": "bonne", "url": "https://vendsmonbien.com/prix-immobilier/63-puy-de-dome/orcet/"}}, {"type": "Feature", "geometry": {"type": "Point", "coordinates": [2.9987, 45.789]}, "properties": {"code_insee": "63263", "nom": "Orcines", "departement": "Puy-de-Dôme", "prix_m2_median": 2410, "prix_m2_median_maison": 2410, "prix_m2_median_appartement": null, "nb_ventes": 50, "evolution_prix_pct": -8.4, "part_passoires_dpe_pct": 34.0, "fiabilite": "bonne", "url": "https://vendsmonbien.com/prix-immobilier/63-puy-de-dome/orcines/"}}, {"type": "Feature", "geometry": {"type": "Point", "coordinates": [3.4378, 45.8607]}, "properties": {"code_insee": "63265", "nom": "Orléat", "departement": "Puy-de-Dôme", "prix_m2_median": 1930, "prix_m2_median_maison": 1930, "prix_m2_median_appartement": null, "nb_ventes": 15, "evolution_prix_pct": null, "part_passoires_dpe_pct": null, "fiabilite": "indicative", "url": "https://vendsmonbien.com/prix-immobilier/63-puy-de-dome/orleat/"}}, {"type": "Feature", "geometry": {"type": "Point", "coordinates": [3.2282, 45.6243]}, "properties": {"code_insee": "63269", "nom": "Parent", "departement": "Puy-de-Dôme", "prix_m2_median": 1740, "prix_m2_median_maison": 1740, "prix_m2_median_appartement": null, "nb_ventes": 33, "evolution_prix_pct": null, "part_passoires_dpe_pct": 23.0, "fiabilite": "bonne", "url": "https://vendsmonbien.com/prix-immobilier/63-puy-de-dome/parent/"}}, {"type": "Feature", "geometry": {"type": "Point", "coordinates": [3.1444, 45.7324]}, "properties": {"code_insee": "63272", "nom": "Pérignat-lès-Sarliève", "departement": "Puy-de-Dôme", "prix_m2_median": 2660, "prix_m2_median_maison": 2640, "prix_m2_median_appartement": 2950, "nb_ventes": 74, "evolution_prix_pct": 25.8, "part_passoires_dpe_pct": 7.5, "fiabilite": "bonne", "url": "https://vendsmonbien.com/prix-immobilier/63-puy-de-dome/perignat-les-sarlieve/"}}, {"type": "Feature", "geometry": {"type": "Point", "coordinates": [3.2333, 45.7272]}, "properties": {"code_insee": "63273", "nom": "Pérignat-sur-Allier", "departement": "Puy-de-Dôme", "prix_m2_median": 2160, "prix_m2_median_maison": 2160, "prix_m2_median_appartement": null, "nb_ventes": 33, "evolution_prix_pct": null, "part_passoires_dpe_pct": 8.1, "fiabilite": "bonne", "url": "https://vendsmonbien.com/prix-immobilier/63-puy-de-dome/perignat-sur-allier/"}}, {"type": "Feature", "geometry": {"type": "Point", "coordinates": [3.1977, 45.5445]}, "properties": {"code_insee": "63275", "nom": "Perrier", "departement": "Puy-de-Dôme", "prix_m2_median": 1980, "prix_m2_median_maison": 1990, "prix_m2_median_appartement": null, "nb_ventes": 26, "evolution_prix_pct": null, "part_passoires_dpe_pct": null, "fiabilite": "indicative", "url": "https://vendsmonbien.com/prix-immobilier/63-puy-de-dome/perrier/"}}, {"type": "Feature", "geometry": {"type": "Point", "coordinates": [3.4842, 45.827]}, "properties": {"code_insee": "63276", "nom": "Peschadoires", "departement": "Puy-de-Dôme", "prix_m2_median": 1600, "prix_m2_median_maison": 1550, "prix_m2_median_appartement": 1750, "nb_ventes": 46, "evolution_prix_pct": 0.6, "part_passoires_dpe_pct": 13.7, "fiabilite": "bonne", "url": "https://vendsmonbien.com/prix-immobilier/63-puy-de-dome/peschadoires/"}}, {"type": "Feature", "geometry": {"type": "Point", "coordinates": [2.7875, 45.4741]}, "properties": {"code_insee": "63279", "nom": "Picherande", "departement": "Puy-de-Dôme", "prix_m2_median": 1630, "prix_m2_median_maison": 1630, "prix_m2_median_appartement": null, "nb_ventes": 15, "evolution_prix_pct": null, "part_passoires_dpe_pct": null, "fiabilite": "indicative", "url": "https://vendsmonbien.com/prix-immobilier/63-puy-de-dome/picherande/"}}, {"type": "Feature", "geometry": {"type": "Point", "coordinates": [2.6783, 46.1169]}, "properties": {"code_insee": "63281", "nom": "Pionsat", "departement": "Puy-de-Dôme", "prix_m2_median": 1130, "prix_m2_median_maison": 1070, "prix_m2_median_appartement": null, "nb_ventes": 18, "evolution_prix_pct": null, "part_passoires_dpe_pct": null, "fiabilite": "indicative", "url": "https://vendsmonbien.com/prix-immobilier/63-puy-de-dome/pionsat/"}}, {"type": "Feature", "geometry": {"type": "Point", "coordinates": [3.151, 45.6204]}, "properties": {"code_insee": "63282", "nom": "Plauzat", "departement": "Puy-de-Dôme", "prix_m2_median": 1720, "prix_m2_median_maison": 1720, "prix_m2_median_appartement": null, "nb_ventes": 41, "evolution_prix_pct": null, "part_passoires_dpe_pct": 19.2, "fiabilite": "bonne", "url": "https://vendsmonbien.com/prix-immobilier/63-puy-de-dome/plauzat/"}}, {"type": "Feature", "geometry": {"type": "Point", "coordinates": [3.2361, 45.7972]}, "properties": {"code_insee": "63284", "nom": "Pont-du-Château", "departement": "Puy-de-Dôme", "prix_m2_median": 2300, "prix_m2_median_maison": 2310, "prix_m2_median_appartement": 2130, "nb_ventes": 307, "evolution_prix_pct": -3.0, "part_passoires_dpe_pct": 9.4, "fiabilite": "élevée", "url": "https://vendsmonbien.com/prix-immobilier/63-puy-de-dome/pont-du-chateau/"}}, {"type": "Feature", "geometry": {"type": "Point", "coordinates": [2.8532, 45.8268]}, "properties": {"code_insee": "63285", "nom": "Pontgibaud", "departement": "Puy-de-Dôme", "prix_m2_median": 1260, "prix_m2_median_maison": 1260, "prix_m2_median_appartement": null, "nb_ventes": 18, "evolution_prix_pct": null, "part_passoires_dpe_pct": null, "fiabilite": "indicative", "url": "https://vendsmonbien.com/prix-immobilier/63-puy-de-dome/pontgibaud/"}}, {"type": "Feature", "geometry": {"type": "Point", "coordinates": [3.5024, 45.9644]}, "properties": {"code_insee": "63291", "nom": "Puy-Guillaume", "departement": "Puy-de-Dôme", "prix_m2_median": 1360, "prix_m2_median_maison": 1390, "prix_m2_median_appartement": 860, "nb_ventes": 55, "evolution_prix_pct": -14.4, "part_passoires_dpe_pct": 17.6, "fiabilite": "bonne", "url": "https://vendsmonbien.com/prix-immobilier/63-puy-de-dome/puy-guillaume/"}}, {"type": "Feature", "geometry": {"type": "Point", "coordinates": [3.363, 46.0122]}, "properties": {"code_insee": "63295", "nom": "Randan", "departement": "Puy-de-Dôme", "prix_m2_median": 1270, "prix_m2_median_maison": 1260, "prix_m2_median_appartement": null, "nb_ventes": 37, "evolution_prix_pct": null, "part_passoires_dpe_pct": 26.0, "fiabilite": "bonne", "url": "https://vendsmonbien.com/prix-immobilier/63-puy-de-dome/randan/"}}, {"type": "Feature", "geometry": {"type": "Point", "coordinates": [3.3934, 45.7877]}, "properties": {"code_insee": "63296", "nom": "Ravel", "departement": "Puy-de-Dôme", "prix_m2_median": 1940, "prix_m2_median_maison": 1940, "prix_m2_median_appartement": null, "nb_ventes": 18, "evolution_prix_pct": null, "part_passoires_dpe_pct": null, "fiabilite": "indicative", "url": "https://vendsmonbien.com/prix-immobilier/63-puy-de-dome/ravel/"}}, {"type": "Feature", "geometry": {"type": "Point", "coordinates": [3.1274, 45.8937]}, "properties": {"code_insee": "63300", "nom": "Riom", "departement": "Puy-de-Dôme", "prix_m2_median": 2040, "prix_m2_median_maison": 2340, "prix_m2_median_appartement": 1810, "nb_ventes": 581, "evolution_prix_pct": -5.3, "part_passoires_dpe_pct": 9.7, "fiabilite": "élevée", "url": "https://vendsmonbien.com/prix-immobilier/63-puy-de-dome/riom/"}}, {"type": "Feature", "geometry": {"type": "Point", "coordinates": [3.08, 45.7215]}, "properties": {"code_insee": "63307", "nom": "Romagnat", "departement": "Puy-de-Dôme", "prix_m2_median": 2250, "prix_m2_median_maison": 2470, "prix_m2_median_appartement": 1700, "nb_ventes": 218, "evolution_prix_pct": -13.1, "part_passoires_dpe_pct": 13.7, "fiabilite": "élevée", "url": "https://vendsmonbien.com/prix-immobilier/63-puy-de-dome/romagnat/"}}, {"type": "Feature", "geometry": {"type": "Point", "coordinates": [3.0431, 45.7573]}, "properties": {"code_insee": "63308", "nom": "Royat", "departement": "Puy-de-Dôme", "prix_m2_median": 2300, "prix_m2_median_maison": 2720, "prix_m2_median_appartement": 2210, "nb_ventes": 271, "evolution_prix_pct": -6.0, "part_passoires_dpe_pct": 23.7, "fiabilite": "élevée", "url": "https://vendsmonbien.com/prix-immobilier/63-puy-de-dome/royat/"}}, {"type": "Feature", "geometry": {"type": "Point", "coordinates": [3.9299, 45.4488]}, "properties": {"code_insee": "63309", "nom": "Saillant", "departement": "Puy-de-Dôme", "prix_m2_median": 1460, "prix_m2_median_maison": 1510, "prix_m2_median_appartement": null, "nb_ventes": 15, "evolution_prix_pct": null, "part_passoires_dpe_pct": null, "fiabilite": "indicative", "url": "https://vendsmonbien.com/prix-immobilier/63-puy-de-dome/saillant/"}}, {"type": "Feature", "geometry": {"type": "Point", "coordinates": [3.1104, 45.6676]}, "properties": {"code_insee": "63315", "nom": "Saint-Amant-Tallende", "departement": "Puy-de-Dôme", "prix_m2_median": 2240, "prix_m2_median_maison": 2240, "prix_m2_median_appartement": null, "nb_ventes": 46, "evolution_prix_pct": -1.3, "part_passoires_dpe_pct": 18.6, "fiabilite": "bonne", "url": "https://vendsmonbien.com/prix-immobilier/63-puy-de-dome/saint-amant-tallende/"}}, {"type": "Feature", "geometry": {"type": "Point", "coordinates": [3.9014, 45.5637]}, "properties": {"code_insee": "63319", "nom": "Saint-Anthème", "departement": "Puy-de-Dôme", "prix_m2_median": 1760, "prix_m2_median_maison": 1800, "prix_m2_median_appartement": null, "nb_ventes": 31, "evolution_prix_pct": null, "part_passoires_dpe_pct": 46.2, "fiabilite": "bonne", "url": "https://vendsmonbien.com/prix-immobilier/63-puy-de-dome/saint-antheme/"}}, {"type": "Feature", "geometry": {"type": "Point", "coordinates": [3.2972, 45.6053]}, "properties": {"code_insee": "63321", "nom": "Saint-Babel", "departement": "Puy-de-Dôme", "prix_m2_median": 1570, "prix_m2_median_maison": 1570, "prix_m2_median_appartement": null, "nb_ventes": 15, "evolution_prix_pct": null, "part_passoires_dpe_pct": null, "fiabilite": "indicative", "url": "https://vendsmonbien.com/prix-immobilier/63-puy-de-dome/saint-babel/"}}, {"type": "Feature", "geometry": {"type": "Point", "coordinates": [3.1828, 45.8525]}, "properties": {"code_insee": "63322", "nom": "Saint-Beauzire", "departement": "Puy-de-Dôme", "prix_m2_median": 2150, "prix_m2_median_maison": 2140, "prix_m2_median_appartement": null, "nb_ventes": 55, "evolution_prix_pct": -11.5, "part_passoires_dpe_pct": 13.4, "fiabilite": "bonne", "url": "https://vendsmonbien.com/prix-immobilier/63-puy-de-dome/saint-beauzire/"}}, {"type": "Feature", "geometry": {"type": "Point", "coordinates": [3.1162, 45.9291]}, "properties": {"code_insee": "63327", "nom": "Saint-Bonnet-près-Riom", "departement": "Puy-de-Dôme", "prix_m2_median": 2120, "prix_m2_median_maison": 2130, "prix_m2_median_appartement": null, "nb_ventes": 51, "evolution_prix_pct": -7.7, "part_passoires_dpe_pct": 17.6, "fiabilite": "bonne", "url": "https://vendsmonbien.com/prix-immobilier/63-puy-de-dome/saint-bonnet-pres-riom/"}}, {"type": "Feature", "geometry": {"type": "Point", "coordinates": [3.4803, 45.6675]}, "properties": {"code_insee": "63334", "nom": "Saint-Dier-d'Auvergne", "departement": "Puy-de-Dôme", "prix_m2_median": 1260, "prix_m2_median_maison": 1280, "prix_m2_median_appartement": null, "nb_ventes": 15, "evolution_prix_pct": null, "part_passoires_dpe_pct": null, "fiabilite": "indicative", "url": "https://vendsmonbien.com/prix-immobilier/63-puy-de-dome/saint-dier-dauvergne/"}}, {"type": "Feature", "geometry": {"type": "Point", "coordinates": [3.0219, 45.5415]}, "properties": {"code_insee": "63335", "nom": "Saint-Diéry", "departement": "Puy-de-Dôme", "prix_m2_median": 1470, "prix_m2_median_maison": 1470, "prix_m2_median_appartement": null, "nb_ventes": 15, "evolution_prix_pct": null, "part_passoires_dpe_pct": null, "fiabilite": "indicative", "url": "https://vendsmonbien.com/prix-immobilier/63-puy-de-dome/saint-diery/"}}, {"type": "Feature", "geometry": {"type": "Point", "coordinates": [2.8439, 46.162]}, "properties": {"code_insee": "63338", "nom": "Saint-Éloy-les-Mines", "departement": "Puy-de-Dôme", "prix_m2_median": 1080, "prix_m2_median_maison": 1040, "prix_m2_median_appartement": null, "nb_ventes": 47, "evolution_prix_pct": null, "part_passoires_dpe_pct": 33.4, "fiabilite": "bonne", "url": "https://vendsmonbien.com/prix-immobilier/63-puy-de-dome/saint-eloy-les-mines/"}}, {"type": "Feature", "geometry": {"type": "Point", "coordinates": [3.0005, 45.7222]}, "properties": {"code_insee": "63345", "nom": "Saint-Genès-Champanelle", "departement": "Puy-de-Dôme", "prix_m2_median": 2240, "prix_m2_median_maison": 2240, "prix_m2_median_appartement": null, "nb_ventes": 46, "evolution_prix_pct": 4.7, "part_passoires_dpe_pct": 25.9, "fiabilite": "bonne", "url": "https://vendsmonbien.com/prix-immobilier/63-puy-de-dome/saint-genes-champanelle/"}}, {"type": "Feature", "geometry": {"type": "Point", "coordinates": [2.8634, 45.9419]}, "properties": {"code_insee": "63349", "nom": "Saint-Georges-de-Mons", "departement": "Puy-de-Dôme", "prix_m2_median": 1360, "prix_m2_median_maison": 1360, "prix_m2_median_appartement": null, "nb_ventes": 34, "evolution_prix_pct": null, "part_passoires_dpe_pct": 41.7, "fiabilite": "bonne", "url": "https://vendsmonbien.com/prix-immobilier/63-puy-de-dome/saint-georges-de-mons/"}}, {"type": "Feature", "geometry": {"type": "Point", "coordinates": [3.2581, 45.7166]}, "properties": {"code_insee": "63350", "nom": "Saint-Georges-sur-Allier", "departement": "Puy-de-Dôme", "prix_m2_median": 2070, "prix_m2_median_maison": 2070, "prix_m2_median_appartement": null, "nb_ventes": 27, "evolution_prix_pct": null, "part_passoires_dpe_pct": null, "fiabilite": "indicative", "url": "https://vendsmonbien.com/prix-immobilier/63-puy-de-dome/saint-georges-sur-allier/"}}, {"type": "Feature", "geometry": {"type": "Point", "coordinates": [3.2409, 45.4536]}, "properties": {"code_insee": "63352", "nom": "Saint-Germain-Lembron", "departement": "Puy-de-Dôme", "prix_m2_median": 1250, "prix_m2_median_maison": 1400, "prix_m2_median_appartement": null, "nb_ventes": 36, "evolution_prix_pct": null, "part_passoires_dpe_pct": 18.1, "fiabilite": "bonne", "url": "https://vendsmonbien.com/prix-immobilier/63-puy-de-dome/saint-germain-lembron/"}}, {"type": "Feature", "geometry": {"type": "Point", "coordinates": [3.5403, 45.4617]}, "properties": {"code_insee": "63353", "nom": "Saint-Germain-l'Herm", "departement": "Puy-de-Dôme", "prix_m2_median": 1100, "prix_m2_median_maison": 1040, "prix_m2_median_appartement": null, "nb_ventes": 17, "evolution_prix_pct": null, "part_passoires_dpe_pct": null, "fiabilite": "indicative", "url": "https://vendsmonbien.com/prix-immobilier/63-puy-de-dome/saint-germain-lherm/"}}, {"type": "Feature", "geometry": {"type": "Point", "coordinates": [2.829, 46.0186]}, "properties": {"code_insee": "63354", "nom": "Saint-Gervais-d'Auvergne", "departement": "Puy-de-Dôme", "prix_m2_median": 1160, "prix_m2_median_maison": 1160, "prix_m2_median_appartement": null, "nb_ventes": 17, "evolution_prix_pct": null, "part_passoires_dpe_pct": null, "fiabilite": "indicative", "url": "https://vendsmonbien.com/prix-immobilier/63-puy-de-dome/saint-gervais-dauvergne/"}}, {"type": "Feature", "geometry": {"type": "Point", "coordinates": [3.3141, 45.6931]}, "properties": {"code_insee": "63368", "nom": "Saint-Julien-de-Coppel", "departement": "Puy-de-Dôme", "prix_m2_median": 2110, "prix_m2_median_maison": 2120, "prix_m2_median_appartement": null, "nb_ventes": 18, "evolution_prix_pct": null, "part_passoires_dpe_pct": null, "fiabilite": "indicative", "url": "https://vendsmonbien.com/prix-immobilier/63-puy-de-dome/saint-julien-de-coppel/"}}, {"type": "Feature", "geometry": {"type": "Point", "coordinates": [3.2925, 45.8974]}, "properties": {"code_insee": "63372", "nom": "Saint-Laure", "departement": "Puy-de-Dôme", "prix_m2_median": 2130, "prix_m2_median_maison": 2130, "prix_m2_median_appartement": null, "nb_ventes": 15, "evolution_prix_pct": null, "part_passoires_dpe_pct": null, "fiabilite": "indicative", "url": "https://vendsmonbien.com/prix-immobilier/63-puy-de-dome/saint-laure/"}}, {"type": "Feature", "geometry": {"type": "Point", "coordinates": [3.2383, 45.6716]}, "properties": {"code_insee": "63378", "nom": "Saint-Maurice", "departement": "Puy-de-Dôme", "prix_m2_median": 2050, "prix_m2_median_maison": 2050, "prix_m2_median_appartement": null, "nb_ventes": 28, "evolution_prix_pct": null, "part_passoires_dpe_pct": null, "fiabilite": "indicative", "url": "https://vendsmonbien.com/prix-immobilier/63-puy-de-dome/saint-maurice/"}}, {"type": "Feature", "geometry": {"type": "Point", "coordinates": [2.9956, 45.5925]}, "properties": {"code_insee": "63380", "nom": "Saint-Nectaire", "departement": "Puy-de-Dôme", "prix_m2_median": 1380, "prix_m2_median_maison": 1510, "prix_m2_median_appartement": 1100, "nb_ventes": 36, "evolution_prix_pct": null, "part_passoires_dpe_pct": 24.2, "fiabilite": "bonne", "url": "https://vendsmonbien.com/prix-immobilier/63-puy-de-dome/saint-nectaire/"}}, {"type": "Feature", "geometry": {"type": "Point", "coordinates": [2.917, 45.8358]}, "properties": {"code_insee": "63381", "nom": "Saint-Ours", "departement": "Puy-de-Dôme", "prix_m2_median": 1850, "prix_m2_median_maison": 1720, "prix_m2_median_appartement": null, "nb_ventes": 21, "evolution_prix_pct": null, "part_passoires_dpe_pct": null, "fiabilite": "indicative", "url": "https://vendsmonbien.com/prix-immobilier/63-puy-de-dome/saint-ours/"}}, {"type": "Feature", "geometry": {"type": "Point", "coordinates": [3.5801, 45.8946]}, "properties": {"code_insee": "63393", "nom": "Saint-Rémy-sur-Durolle", "departement": "Puy-de-Dôme", "prix_m2_median": 1400, "prix_m2_median_maison": 1390, "prix_m2_median_appartement": null, "nb_ventes": 47, "evolution_prix_pct": 14.3, "part_passoires_dpe_pct": 26.8, "fiabilite": "bonne", "url": "https://vendsmonbien.com/prix-immobilier/63-puy-de-dome/saint-remy-sur-durolle/"}}, {"type": "Feature", "geometry": {"type": "Point", "coordinates": [3.0717, 45.6604]}, "properties": {"code_insee": "63396", "nom": "Saint-Saturnin", "departement": "Puy-de-Dôme", "prix_m2_median": 1960, "prix_m2_median_maison": 1900, "prix_m2_median_appartement": null, "nb_ventes": 34, "evolution_prix_pct": null, "part_passoires_dpe_pct": 29.6, "fiabilite": "bonne", "url": "https://vendsmonbien.com/prix-immobilier/63-puy-de-dome/saint-saturnin/"}}, {"type": "Feature", "geometry": {"type": "Point", "coordinates": [2.6968, 45.6104]}, "properties": {"code_insee": "63397", "nom": "Saint-Sauves-d'Auvergne", "departement": "Puy-de-Dôme", "prix_m2_median": 1480, "prix_m2_median_maison": 1590, "prix_m2_median_appartement": null, "nb_ventes": 15, "evolution_prix_pct": null, "part_passoires_dpe_pct": null, "fiabilite": "indicative", "url": "https://vendsmonbien.com/prix-immobilier/63-puy-de-dome/saint-sauves-dauvergne/"}}, {"type": "Feature", "geometry": {"type": "Point", "coordinates": [3.3955, 46.0509]}, "properties": {"code_insee": "63400", "nom": "Saint-Sylvestre-Pragoulin", "departement": "Puy-de-Dôme", "prix_m2_median": 1620, "prix_m2_median_maison": 1620, "prix_m2_median_appartement": null, "nb_ventes": 23, "evolution_prix_pct": null, "part_passoires_dpe_pct": null, "fiabilite": "indicative", "url": "https://vendsmonbien.com/prix-immobilier/63-puy-de-dome/saint-sylvestre-pragoulin/"}}, {"type": "Feature", "geometry": {"type": "Point", "coordinates": [3.2204, 45.5778]}, "properties": {"code_insee": "63404", "nom": "Saint-Yvoine", "departement": "Puy-de-Dôme", "prix_m2_median": 1690, "prix_m2_median_maison": 1690, "prix_m2_median_appartement": null, "nb_ventes": 19, "evolution_prix_pct": null, "part_passoires_dpe_pct": null, "fiabilite": "indicative", "url": "https://vendsmonbien.com/prix-immobilier/63-puy-de-dome/saint-yvoine/"}}, {"type": "Feature", "geometry": {"type": "Point", "coordinates": [3.3265, 45.6463]}, "properties": {"code_insee": "63405", "nom": "Sallèdes", "departement": "Puy-de-Dôme", "prix_m2_median": 1490, "prix_m2_median_maison": 1470, "prix_m2_median_appartement": null, "nb_ventes": 20, "evolution_prix_pct": null, "part_passoires_dpe_pct": null, "fiabilite": "indicative", "url": "https://vendsmonbien.com/prix-immobilier/63-puy-de-dome/salledes/"}}, {"type": "Feature", "geometry": {"type": "Point", "coordinates": [3.3701, 45.5592]}, "properties": {"code_insee": "63415", "nom": "Sauxillanges", "departement": "Puy-de-Dôme", "prix_m2_median": 1280, "prix_m2_median_maison": 1280, "prix_m2_median_appartement": null, "nb_ventes": 25, "evolution_prix_pct": null, "part_passoires_dpe_pct": null, "fiabilite": "indicative", "url": "https://vendsmonbien.com/prix-immobilier/63-puy-de-dome/sauxillanges/"}}, {"type": "Feature", "geometry": {"type": "Point", "coordinates": [3.0361, 45.8373]}, "properties": {"code_insee": "63417", "nom": "Sayat", "departement": "Puy-de-Dôme", "prix_m2_median": 2580, "prix_m2_median_maison": 2610, "prix_m2_median_appartement": null, "nb_ventes": 52, "evolution_prix_pct": -7.5, "part_passoires_dpe_pct": 24.7, "fiabilite": "bonne", "url": "https://vendsmonbien.com/prix-immobilier/63-puy-de-dome/sayat/"}}, {"type": "Feature", "geometry": {"type": "Point", "coordinates": [3.3391, 45.807]}, "properties": {"code_insee": "63420", "nom": "Seychalles", "departement": "Puy-de-Dôme", "prix_m2_median": 2060, "prix_m2_median_maison": 2060, "prix_m2_median_appartement": null, "nb_ventes": 21, "evolution_prix_pct": null, "part_passoires_dpe_pct": null, "fiabilite": "indicative", "url": "https://vendsmonbien.com/prix-immobilier/63-puy-de-dome/seychalles/"}}, {"type": "Feature", "geometry": {"type": "Point", "coordinates": [3.4125, 45.5979]}, "properties": {"code_insee": "63423", "nom": "Sugères", "departement": "Puy-de-Dôme", "prix_m2_median": 1690, "prix_m2_median_maison": 1690, "prix_m2_median_appartement": null, "nb_ventes": 17, "evolution_prix_pct": null, "part_passoires_dpe_pct": null, "fiabilite": "indicative", "url": "https://vendsmonbien.com/prix-immobilier/63-puy-de-dome/sugeres/"}}, {"type": "Feature", "geometry": {"type": "Point", "coordinates": [3.1324, 45.6599]}, "properties": {"code_insee": "63425", "nom": "Tallende", "departement": "Puy-de-Dôme", "prix_m2_median": 2990, "prix_m2_median_maison": 2990, "prix_m2_median_appartement": null, "nb_ventes": 26, "evolution_prix_pct": null, "part_passoires_dpe_pct": null, "fiabilite": "indicative", "url": "https://vendsmonbien.com/prix-immobilier/63-puy-de-dome/tallende/"}}, {"type": "Feature", "geometry": {"type": "Point", "coordinates": [3.538, 45.8653]}, "properties": {"code_insee": "63430", "nom": "Thiers", "departement": "Puy-de-Dôme", "prix_m2_median": 1200, "prix_m2_median_maison": 1450, "prix_m2_median_appartement": 1030, "nb_ventes": 165, "evolution_prix_pct": 10.3, "part_passoires_dpe_pct": 15.7, "fiabilite": "élevée", "url": "https://vendsmonbien.com/prix-immobilier/63-puy-de-dome/thiers/"}}, {"type": "Feature", "geometry": {"type": "Point", "coordinates": [3.2613, 45.9756]}, "properties": {"code_insee": "63432", "nom": "Thuret", "departement": "Puy-de-Dôme", "prix_m2_median": 1760, "prix_m2_median_maison": 1760, "prix_m2_median_appartement": null, "nb_ventes": 20, "evolution_prix_pct": null, "part_passoires_dpe_pct": null, "fiabilite": "indicative", "url": "https://vendsmonbien.com/prix-immobilier/63-puy-de-dome/thuret/"}}, {"type": "Feature", "geometry": {"type": "Point", "coordinates": [3.8164, 45.5936]}, "properties": {"code_insee": "63441", "nom": "Valcivières", "departement": "Puy-de-Dôme", "prix_m2_median": 1500, "prix_m2_median_maison": 1500, "prix_m2_median_appartement": null, "nb_ventes": 19, "evolution_prix_pct": null, "part_passoires_dpe_pct": null, "fiabilite": "indicative", "url": "https://vendsmonbien.com/prix-immobilier/63-puy-de-dome/valcivieres/"}}, {"type": "Feature", "geometry": {"type": "Point", "coordinates": [3.2842, 45.7741]}, "properties": {"code_insee": "63453", "nom": "Vertaizon", "departement": "Puy-de-Dôme", "prix_m2_median": 2180, "prix_m2_median_maison": 2220, "prix_m2_median_appartement": 1780, "nb_ventes": 90, "evolution_prix_pct": -7.9, "part_passoires_dpe_pct": 15.9, "fiabilite": "bonne", "url": "https://vendsmonbien.com/prix-immobilier/63-puy-de-dome/vertaizon/"}}, {"type": "Feature", "geometry": {"type": "Point", "coordinates": [3.1648, 45.6741]}, "properties": {"code_insee": "63455", "nom": "Veyre-Monton", "departement": "Puy-de-Dôme", "prix_m2_median": 2430, "prix_m2_median_maison": 2430, "prix_m2_median_appartement": null, "nb_ventes": 87, "evolution_prix_pct": 0.0, "part_passoires_dpe_pct": 13.7, "fiabilite": "bonne", "url": "https://vendsmonbien.com/prix-immobilier/63-puy-de-dome/veyre-monton/"}}, {"type": "Feature", "geometry": {"type": "Point", "coordinates": [3.2428, 45.6468]}, "properties": {"code_insee": "63457", "nom": "Vic-le-Comte", "departement": "Puy-de-Dôme", "prix_m2_median": 2300, "prix_m2_median_maison": 2360, "prix_m2_median_appartement": 1610, "nb_ventes": 143, "evolution_prix_pct": -7.1, "part_passoires_dpe_pct": 15.5, "fiabilite": "élevée", "url": "https://vendsmonbien.com/prix-immobilier/63-puy-de-dome/vic-le-comte/"}}, {"type": "Feature", "geometry": {"type": "Point", "coordinates": [3.6092, 45.7854]}, "properties": {"code_insee": "63469", "nom": "Vollore-Ville", "departement": "Puy-de-Dôme", "prix_m2_median": 1270, "prix_m2_median_maison": 1270, "prix_m2_median_appartement": null, "nb_ventes": 15, "evolution_prix_pct": null, "part_passoires_dpe_pct": null, "fiabilite": "indicative", "url": "https://vendsmonbien.com/prix-immobilier/63-puy-de-dome/vollore-ville/"}}, {"type": "Feature", "geometry": {"type": "Point", "coordinates": [3.0211, 45.8647]}, "properties": {"code_insee": "63470", "nom": "Volvic", "departement": "Puy-de-Dôme", "prix_m2_median": 2000, "prix_m2_median_maison": 2010, "prix_m2_median_appartement": null, "nb_ventes": 114, "evolution_prix_pct": -10.6, "part_passoires_dpe_pct": 22.6, "fiabilite": "élevée", "url": "https://vendsmonbien.com/prix-immobilier/63-puy-de-dome/volvic/"}}, {"type": "Feature", "geometry": {"type": "Point", "coordinates": [2.8035, 46.1405]}, "properties": {"code_insee": "63471", "nom": "Youx", "departement": "Puy-de-Dôme", "prix_m2_median": 1130, "prix_m2_median_maison": 1150, "prix_m2_median_appartement": null, "nb_ventes": 19, "evolution_prix_pct": null, "part_passoires_dpe_pct": null, "fiabilite": "indicative", "url": "https://vendsmonbien.com/prix-immobilier/63-puy-de-dome/youx/"}}, {"type": "Feature", "geometry": {"type": "Point", "coordinates": [3.2566, 45.609]}, "properties": {"code_insee": "63472", "nom": "Yronde-et-Buron", "departement": "Puy-de-Dôme", "prix_m2_median": 1620, "prix_m2_median_maison": 1620, "prix_m2_median_appartement": null, "nb_ventes": 23, "evolution_prix_pct": null, "part_passoires_dpe_pct": null, "fiabilite": "indicative", "url": "https://vendsmonbien.com/prix-immobilier/63-puy-de-dome/yronde-et-buron/"}}, {"type": "Feature", "geometry": {"type": "Point", "coordinates": [3.0911, 45.9316]}, "properties": {"code_insee": "63473", "nom": "Yssac-la-Tourette", "departement": "Puy-de-Dôme", "prix_m2_median": 2020, "prix_m2_median_maison": 2020, "prix_m2_median_appartement": null, "nb_ventes": 15, "evolution_prix_pct": null, "part_passoires_dpe_pct": null, "fiabilite": "indicative", "url": "https://vendsmonbien.com/prix-immobilier/63-puy-de-dome/yssac-la-tourette/"}}]}